,median_diff,mean_diff,t_difference
0,0.20204275129738242,0.23841494571017913,3.4394024144799853
