,median_diff,mean_diff,t_difference
0,-0.04634391857773201,-0.005779100064550402,-0.7855646076513685
