,median_diff,mean_diff,t_difference
0,0.028964142932421444,0.03932017593827425,0.4967794244909687
