,median_diff,mean_diff,t_difference
0,-0.1735287357114666,-0.18301525641920036,-3.35616999078023
