,median_diff,mean_diff,t_difference
0,0.03426438811266108,0.03336585941625131,0.5906853286762209
