,median_diff,mean_diff,t_difference
0,-0.058058324974951225,-0.05376174300428771,-1.0138260061351454
