,median_diff,mean_diff,t_difference
0,0.0626082953421564,0.07840530705813709,1.07795148677442
