,median_diff,mean_diff,t_difference
0,-0.00881985032917243,0.0429584970009258,-0.15102699376631945
