,median_diff,mean_diff,t_difference
0,-0.007659033634028312,0.01927737403191987,-0.1312591633306591
