,median_diff,mean_diff,t_difference
0,-0.2097146512350343,-0.19337748124103704,-3.7578061356341452
