,median_diff,mean_diff,t_difference
0,0.24177511085685066,0.2790373323923217,3.9803167164346402
