,median_diff,mean_diff,t_difference
0,0.051963313411309664,0.0497794857036018,0.9079599770659096
