,median_diff,mean_diff,t_difference
0,0.09289411528764924,0.10056890712889688,1.6642612430722152
