,median_diff,mean_diff,t_difference
0,-0.037347428277380246,-0.00041548523289480777,-0.6696637507425774
