,median_diff,mean_diff,t_difference
0,-0.20151292767668028,-0.18308310020637608,-3.271471685069142
