,median_diff,mean_diff,t_difference
0,0.10703328998094574,0.1175311732281753,1.9822178093256846
