,median_diff,mean_diff,t_difference
0,0.1267834226651704,0.1453016204228128,2.0670099282908843
