,median_diff,mean_diff,t_difference
0,0.14457290904657105,0.11761218827850861,2.329300468606653
