,median_diff,mean_diff,t_difference
0,-0.004353150202298539,-0.005603761393111251,-0.07592936825868543
