,median_diff,mean_diff,t_difference
0,0.24021498782254858,0.24065266860797285,4.070153565734505
