,median_diff,mean_diff,t_difference
0,0.051336987497403896,0.0782530476747354,0.8608086428104404
