,median_diff,mean_diff,t_difference
0,0.11642091922972753,0.1270405893241251,1.9605161042338062
