,median_diff,mean_diff,t_difference
0,0.0692312878973077,0.0905664163364941,1.1529036027933472
