,median_diff,mean_diff,t_difference
0,0.07421007074380415,0.09754549894754172,1.289393325921925
