,median_diff,mean_diff,t_difference
0,-0.018940229250016705,-0.010414494505787797,-0.33487317380384163
