,median_diff,mean_diff,t_difference
0,0.10368854502792635,0.14179599605804105,1.8369661437595572
