,median_diff,mean_diff,t_difference
0,0.06376289363168142,0.07830922605320456,1.030921586575955
