,median_diff,mean_diff,t_difference
0,0.12294641568578812,0.19103328918587736,2.138461215897712
