,median_diff,mean_diff,t_difference
0,-0.049570290162838204,-0.03902428811573844,-0.858890516315049
