,median_diff,mean_diff,t_difference
0,0.13295606879570943,0.17659265093337229,2.3994552653164436
