,median_diff,mean_diff,t_difference
0,0.08189248189894549,0.09179852944779765,1.4781017963674512
