,median_diff,mean_diff,t_difference
0,-0.03405290927424598,0.0028532396142992855,-0.5938149569193123
