,median_diff,mean_diff,t_difference
0,0.140058157962357,0.14165165393408485,2.518080446888817
