,median_diff,mean_diff,t_difference
0,-0.01367541685045015,-0.015144788100373341,-0.22032484049199852
