,median_diff,mean_diff,t_difference
0,-0.02444869053212162,-0.0005919532509732761,-0.41557122741110486
