,median_diff,mean_diff,t_difference
0,-0.24627355681192376,-0.230703924869002,-4.089914984376898
