,median_diff,mean_diff,t_difference
0,-0.08915749293908926,-0.0653078791657582,-1.8851112726207444
