,median_diff,mean_diff,t_difference
0,0.059838223372108534,0.06447950495630644,1.0710992866026332
