,median_diff,mean_diff,t_difference
0,0.13554550867211657,0.12101758110950844,2.7824899450290914
