,median_diff,mean_diff,t_difference
0,-0.008262778021101147,-0.029720197104163848,-0.14638002805121167
