,median_diff,mean_diff,t_difference
0,0.035593461123864745,0.054368135499265224,0.6113360169139024
