,median_diff,mean_diff,t_difference
0,0.15094908770279536,0.19152374434887243,2.5765587324774053
