,median_diff,mean_diff,t_difference
0,-0.09625118254903697,-0.1243132434541589,-1.592916797627918
