,median_diff,mean_diff,t_difference
0,-0.1411399779950515,-0.14291746606964928,-2.466657485612849
