,median_diff,mean_diff,t_difference
0,-0.0511836710913105,-0.06995554456573494,-0.8201056725167253
