,median_diff,mean_diff,t_difference
0,-0.06183519005984883,-0.017794033886932237,-0.9978490505471107
