,median_diff,mean_diff,t_difference
0,-0.11468851989519341,-0.10085860143808406,-1.759678619006487
