,median_diff,mean_diff,t_difference
0,0.0490241251929433,0.09853757711271416,0.8619235774111539
