,median_diff,mean_diff,t_difference
0,0.0424246170281658,0.09852552472026077,0.8192832768596033
