,median_diff,mean_diff,t_difference
0,-0.04378708908649909,-0.028588725121132974,-0.7706334390716995
