,median_diff,mean_diff,t_difference
0,0.0015316058183411085,0.06335555808534643,0.027663027848770654
