,median_diff,mean_diff,t_difference
0,0.21253399374677262,0.21479900105350402,3.718364572154223
