,median_diff,mean_diff,t_difference
0,-0.112659611290649,-0.09735022581430497,-1.8277643389377594
