,median_diff,mean_diff,t_difference
0,0.07566822569641746,0.07347028046078546,1.3973591954392444
