,median_diff,mean_diff,t_difference
0,-0.1481508761564479,-0.14820427486858173,-2.7359906456675747
