,median_diff,mean_diff,t_difference
0,0.018865158644734148,0.0678091322345708,0.3231722964381643
