,median_diff,mean_diff,t_difference
0,0.02892463345274987,-0.0016052972953419786,0.48094522294305464
