,median_diff,mean_diff,t_difference
0,0.08043538902516123,0.12500015016695687,1.2879659248182689
