,median_diff,mean_diff,t_difference
0,-0.07610072176380367,-0.08725051553214308,-1.44400794765642
