,median_diff,mean_diff,t_difference
0,0.029471618466283767,0.057571673242047705,0.4977475524558021
