,median_diff,mean_diff,t_difference
0,0.018627798912417504,0.03854324794247954,0.29996850191751073
