,median_diff,mean_diff,t_difference
0,0.03222881465881822,0.048392064627661435,0.5955968520428355
