,median_diff,mean_diff,t_difference
0,-0.05957527657804362,-0.006695337750170838,-1.0150741657747975
