,median_diff,mean_diff,t_difference
0,-0.0022167803499074656,0.026616773583233333,-0.041073764986848164
