,median_diff,mean_diff,t_difference
0,0.059544280714974196,0.05389888945740273,1.0574327719514105
