,median_diff,mean_diff,t_difference
0,-0.12688749249633613,-0.08139124667962438,-2.14482942421117
