,median_diff,mean_diff,t_difference
0,-0.0390601277036321,-0.035412393672988096,-0.6930966363558264
