,median_diff,mean_diff,t_difference
0,-0.07154466944542998,-0.08041068368089116,-1.1440524215341246
