,median_diff,mean_diff,t_difference
0,0.10671404041250387,0.1145190624678703,1.935090150916725
