,median_diff,mean_diff,t_difference
0,-0.1382471976843428,-0.0899820205427766,-2.5353656764694077
