,median_diff,mean_diff,t_difference
0,0.05529650453034929,0.07850290266692295,0.9035222095170921
