,median_diff,mean_diff,t_difference
0,0.0793380172575957,0.11351806915723384,1.3700583884051474
