,median_diff,mean_diff,t_difference
0,-0.07761850163231243,-0.061571433665124964,-1.2688267383021623
