,median_diff,mean_diff,t_difference
0,0.06057624801909611,0.11493234708874989,1.002252940317473
