,median_diff,mean_diff,t_difference
0,0.013268014112738813,0.01942577124882039,0.20807804109321335
