,median_diff,mean_diff,t_difference
0,-0.03842109000788807,-0.0672857518867902,-0.7171243088587983
