,median_diff,mean_diff,t_difference
0,0.04931341074648843,0.0990144125765442,0.8929346610374104
