,median_diff,mean_diff,t_difference
0,0.04540151044681828,0.04781396181178099,0.8083771622988816
