,median_diff,mean_diff,t_difference
0,0.02475039251258171,0.01687989945490964,0.44934540316165184
