,median_diff,mean_diff,t_difference
0,0.14556344413960282,0.1577300859710415,2.536526011715566
