,median_diff,mean_diff,t_difference
0,0.14805059791665776,0.15645098530737844,2.492869364578894
