,median_diff,mean_diff,t_difference
0,0.03519650798650609,0.0004526132588658083,0.6082530559343963
