,median_diff,mean_diff,t_difference
0,0.006350485303357245,-0.0003126378479708647,0.10924299933056106
