,median_diff,mean_diff,t_difference
0,-0.09227049620557148,-0.09114924794552626,-1.7216701504910752
