,median_diff,mean_diff,t_difference
0,0.07465708360394929,0.08241398509134734,1.4554251469696105
