,median_diff,mean_diff,t_difference
0,-0.05190801014509361,-0.06329733040661945,-0.9200150937147125
