,median_diff,mean_diff,t_difference
0,-0.09739213969937655,-0.07400729049346033,-1.5148850758363113
