,median_diff,mean_diff,t_difference
0,-0.03835602387184278,-0.018046755527321157,-0.656864866443424
