,median_diff,mean_diff,t_difference
0,0.047289470665191735,0.058624903377551885,0.7772901888206483
