,median_diff,mean_diff,t_difference
0,0.026831499531139613,0.032667926831924876,0.4932622400727215
