,median_diff,mean_diff,t_difference
0,-0.11760174543811863,-0.10087521132566074,-2.025318851765643
