,median_diff,mean_diff,t_difference
0,0.061142712471658145,0.1094912595843246,1.094317886115409
