,median_diff,mean_diff,t_difference
0,0.02088082567598748,0.016217447604790824,0.3293837029030505
