,median_diff,mean_diff,t_difference
0,-0.018875692672758904,-0.022053732336019483,-0.36853677120152795
