,median_diff,mean_diff,t_difference
0,-0.0005119640684647653,-0.003667279107083976,-0.008475652372153884
