,median_diff,mean_diff,t_difference
0,-0.1839553950007891,-0.16956920199919912,-3.2728209140832805
