,median_diff,mean_diff,t_difference
0,-0.011082426514265609,-0.011798756372641384,-0.1816371368477633
