,median_diff,mean_diff,t_difference
0,0.022898848337652433,0.041484281972158366,0.44568836950640195
