,median_diff,mean_diff,t_difference
0,0.07869447124795942,0.07915214852675762,1.3627897986799544
