,median_diff,mean_diff,t_difference
0,-0.12635796253473408,-0.1088959258409945,-1.99831100676838
