,median_diff,mean_diff,t_difference
0,0.13706727302242538,0.14493901321689873,2.6621976883972156
