,median_diff,mean_diff,t_difference
0,-0.12558746772469354,-0.17290305619198265,-2.213921112583233
