,median_diff,mean_diff,t_difference
0,-0.11593062431727857,-0.1267161402195381,-2.1069669277036622
