,median_diff,mean_diff,t_difference
0,0.10521504311530272,0.1170019743454912,1.7643411059087064
