,median_diff,mean_diff,t_difference
0,0.11985882362646394,0.1371179077509686,2.252990401154777
