,median_diff,mean_diff,t_difference
0,0.04157313439856958,0.04452055612426131,0.6653076760682376
