,median_diff,mean_diff,t_difference
0,-0.06514328130148261,-0.05694593518993407,-1.1362962447480127
