,median_diff,mean_diff,t_difference
0,-0.14325658557069665,-0.10504655370194049,-2.3524996205338002
