,median_diff,mean_diff,t_difference
0,-0.02873061891915929,-0.061566686496130396,-0.5136177373001356
