,median_diff,mean_diff,t_difference
0,0.0261376773552352,0.035273823452016184,0.4491200079730322
