,median_diff,mean_diff,t_difference
0,-0.11307200353272928,-0.13797383914173578,-1.8688673666160225
