,median_diff,mean_diff,t_difference
0,0.21636313658496314,0.21454614199598604,3.385853215913083
