,median_diff,mean_diff,t_difference
0,-0.044664645144931514,-0.014970804322683606,-0.7082140620365108
