,median_diff,mean_diff,t_difference
0,-0.11481036627874852,-0.08722644199485574,-1.9238859800375776
