,median_diff,mean_diff,t_difference
0,-0.15338761790105448,-0.1425732772272218,-2.702583017786675
