,median_diff,mean_diff,t_difference
0,-0.03962687847311008,-0.06791389598191877,-0.6584826265478855
