,median_diff,mean_diff,t_difference
0,0.11138941842826311,0.12006103526223344,2.0228878316852588
