,median_diff,mean_diff,t_difference
0,0.09254739001129952,0.13113019269734422,1.4720090547749523
