,median_diff,mean_diff,t_difference
0,0.03294307737418689,0.00581775734399681,0.5121733988454377
