,median_diff,mean_diff,t_difference
0,0.1885012284127705,0.2139819541926965,3.175467460199898
