,median_diff,mean_diff,t_difference
0,-0.011679731461874177,-0.038005831349809616,-0.2138851140243524
