,median_diff,mean_diff,t_difference
0,0.11086401711136018,0.1356971795763241,1.786960388686741
