,median_diff,mean_diff,t_difference
0,-0.1262176810335035,-0.09458894927183292,-2.3567386465981723
