,median_diff,mean_diff,t_difference
0,-0.12084016415161325,-0.15897959444243626,-2.0835965468808366
