,median_diff,mean_diff,t_difference
0,-0.04269044019691215,0.003803852074059977,-0.7304052094594101
