,median_diff,mean_diff,t_difference
0,0.08478020895734173,0.11677522761356479,1.2839520635242574
