,median_diff,mean_diff,t_difference
0,0.05347669971549163,0.03682454051779127,0.8414350488451783
