,median_diff,mean_diff,t_difference
0,0.05077572433469735,0.09838557269340387,0.9094429545977429
