,median_diff,mean_diff,t_difference
0,0.0022319467324468656,0.02808879385577201,0.03937473573551397
