,median_diff,mean_diff,t_difference
0,-0.10066430818047933,-0.06439873791659456,-1.6930808457830153
