,median_diff,mean_diff,t_difference
0,0.02366775819431477,0.026872546318455037,0.4391830134618388
