,median_diff,mean_diff,t_difference
0,0.0589215276502123,0.09778181310502909,1.12363603849712
