,median_diff,mean_diff,t_difference
0,-0.006372135202129758,0.004189410612690958,-0.12271133741611566
