,median_diff,mean_diff,t_difference
0,0.1732482148043294,0.18407902462743786,2.9404876673493345
