,median_diff,mean_diff,t_difference
0,0.09921419867229175,0.061036061711274736,1.6650547664316058
