,median_diff,mean_diff,t_difference
0,0.05355732774230926,0.0777617968389469,0.9289087632330469
