,median_diff,mean_diff,t_difference
0,0.05095270215051473,0.060844853892430883,0.9573510529921919
