,median_diff,mean_diff,t_difference
0,0.05225503685216426,0.057146524123489195,1.0273310291285478
