,median_diff,mean_diff,t_difference
0,-0.02161561235367815,-0.009666698181624023,-0.4226887472417578
