,median_diff,mean_diff,t_difference
0,0.04196164225374277,0.06027267488524268,0.75494710522667
