,median_diff,mean_diff,t_difference
0,0.19045202238907427,0.18726752261302865,3.652983795526765
