,median_diff,mean_diff,t_difference
0,-0.05211769537151012,-0.07956961774052818,-0.9522115279299768
