,median_diff,mean_diff,t_difference
0,-0.07706878126822003,-0.04081227689090394,-1.311467267714263
