,median_diff,mean_diff,t_difference
0,-0.05965225668453217,-0.011842535011983235,-0.9951172327361242
