,median_diff,mean_diff,t_difference
0,0.022526957574343198,0.03074487085593547,0.37759181374814677
