,median_diff,mean_diff,t_difference
0,0.05042352395785854,0.06812277185677817,0.9230770717621162
