,median_diff,mean_diff,t_difference
0,-0.09942112407113557,-0.1081131784511995,-1.732651135637437
