,median_diff,mean_diff,t_difference
0,0.04094145073139677,0.08605876168812066,0.6633615101434313
