,median_diff,mean_diff,t_difference
0,0.0036647787846909585,-0.019434424047143906,0.06456686139396942
