,median_diff,mean_diff,t_difference
0,0.009663954410416564,0.03565926221931759,0.1847596468691539
