,median_diff,mean_diff,t_difference
0,0.06337037545501034,0.06142964341521606,1.0650147917581105
