,median_diff,mean_diff,t_difference
0,-0.08361000984420408,-0.07076483054437077,-1.4656646873401327
