,median_diff,mean_diff,t_difference
0,-0.053413689938409226,-0.02916812863980367,-0.9106757368349317
