,median_diff,mean_diff,t_difference
0,-0.022040843747176853,0.021593435952033335,-0.3885434488466541
