,median_diff,mean_diff,t_difference
0,0.20082897997940075,0.21067873321439123,3.3999903963919564
