,median_diff,mean_diff,t_difference
0,0.21987744974624557,0.2516401399405971,3.658312047356293
