,median_diff,mean_diff,t_difference
0,0.03410552201724526,0.04714120679811429,0.5776556579875237
