,median_diff,mean_diff,t_difference
0,-0.05487640367209434,-0.033936018631859244,-1.041723405017919
