,median_diff,mean_diff,t_difference
0,-0.05198456737387469,-0.04840974285716204,-0.9119316939147045
