,median_diff,mean_diff,t_difference
0,-0.057931387774781795,-0.03749766490470208,-0.9941386771124288
