,median_diff,mean_diff,t_difference
0,-0.061450977407261576,-0.06609291624328517,-1.0146224239231822
