,median_diff,mean_diff,t_difference
0,-0.16126579544395503,-0.1699393511399797,-2.6515053308938863
