,median_diff,mean_diff,t_difference
0,-0.18135118828635133,-0.19329393701611763,-3.5058863915812912
