,median_diff,mean_diff,t_difference
0,0.054889756140184764,0.0522251918244,0.9902655938843754
