,median_diff,mean_diff,t_difference
0,0.014260930764384505,0.011912385448736518,0.21769146199357772
