,median_diff,mean_diff,t_difference
0,0.10051017426302411,0.08994578982639234,1.7742373040697768
