,median_diff,mean_diff,t_difference
0,-0.06361055773422097,-0.06442067384724137,-1.2947261777836492
