,median_diff,mean_diff,t_difference
0,0.11723271946149039,0.09271197520672303,2.060680469939203
