,median_diff,mean_diff,t_difference
0,0.0013071917079420237,0.03363665530770765,0.022616493098831254
