,median_diff,mean_diff,t_difference
0,-0.0732574813911886,-0.06065358294085765,-1.3434983424724867
