,median_diff,mean_diff,t_difference
0,-0.03147994439057711,-0.03279977986505711,-0.5343384295410435
