,median_diff,mean_diff,t_difference
0,0.13200248884902432,0.16213563365390554,2.2942911974349878
