,median_diff,mean_diff,t_difference
0,-0.03188026429398649,0.007890482336016857,-0.4894158310350354
