,median_diff,mean_diff,t_difference
0,0.0006233974866189929,0.010036113902072485,0.010798482475497397
