,median_diff,mean_diff,t_difference
0,0.005573371611621414,-0.017867909885429856,0.0932675924819879
