,median_diff,mean_diff,t_difference
0,0.16148662003337733,0.19881279415800235,2.6869316998438424
