,median_diff,mean_diff,t_difference
0,-0.08381731535841386,-0.08152630102743974,-1.6431106823607058
