,median_diff,mean_diff,t_difference
0,0.011435941558124219,0.05121819575953468,0.20155749912277893
