,median_diff,mean_diff,t_difference
0,-0.13667800993552093,-0.13354010820655315,-2.2939020004231185
