,median_diff,mean_diff,t_difference
0,0.03221149877499396,0.082868859071487,0.5289355630148663
