,median_diff,mean_diff,t_difference
0,-0.047494340166049476,-0.04260921939096862,-0.7994827934132422
