,median_diff,mean_diff,t_difference
0,0.12442218464711507,0.12677181514083885,2.3367340087923645
