,median_diff,mean_diff,t_difference
0,-0.13936846964056615,-0.10989872714952947,-2.316942455150625
