,median_diff,mean_diff,t_difference
0,-0.19005311530048363,-0.16823567026564756,-3.6308669845248067
