,median_diff,mean_diff,t_difference
0,-0.1160018367004777,-0.04944814912505113,-1.8412222322999907
