,median_diff,mean_diff,t_difference
0,0.002314204224793781,0.01839598970228251,0.03817791568523944
