,median_diff,mean_diff,t_difference
0,-0.13674516020181016,-0.10731095224344434,-2.2742779129301334
