,median_diff,mean_diff,t_difference
0,-0.028428413203492875,-0.001664381893125677,-0.5460801972208138
