,median_diff,mean_diff,t_difference
0,-0.12101968935172747,-0.08640547838037116,-1.8620823032975242
