,median_diff,mean_diff,t_difference
0,-0.0129841497664831,0.020227255618690876,-0.22683730545452224
