,median_diff,mean_diff,t_difference
0,-0.11404825068112256,-0.09821885799037627,-1.990116166375541
