,median_diff,mean_diff,t_difference
0,0.11770313857223225,0.16296020803849254,1.9027769169179696
