,median_diff,mean_diff,t_difference
0,-0.03699112826165585,-0.014329689977263582,-0.6893930254406239
