,median_diff,mean_diff,t_difference
0,0.15227963970551328,0.18710801370222757,2.4101161826402193
