,median_diff,mean_diff,t_difference
0,0.12044653633783153,0.13824695167358014,2.0212164086179847
