,median_diff,mean_diff,t_difference
0,0.02022922331121424,0.03633191318770079,0.3223519527140673
