,median_diff,mean_diff,t_difference
0,-0.1771163218944266,-0.14501277590485706,-2.8177982142655167
