,median_diff,mean_diff,t_difference
0,0.14675851927116457,0.16501027560984194,2.7580600530545403
