,median_diff,mean_diff,t_difference
0,0.027264454033374574,0.0476118703263434,0.4248807889813869
