,median_diff,mean_diff,t_difference
0,0.0578023955117295,0.05780364489587042,1.0667871942527907
