,median_diff,mean_diff,t_difference
0,-0.02829532507691923,-0.031101184120813086,-0.44473988831700917
