,median_diff,mean_diff,t_difference
0,-0.09026944598791586,-0.0793119501069931,-1.5105811566394163
