,median_diff,mean_diff,t_difference
0,-0.2892346243142553,-0.25742367303598057,-5.38762498464291
