,median_diff,mean_diff,t_difference
0,-0.09756361036504041,-0.10473026704721966,-1.6003619709189667
