,median_diff,mean_diff,t_difference
0,-0.047683230627121875,-0.0011216798411911588,-0.7413308043465398
