,median_diff,mean_diff,t_difference
0,0.1688818267518173,0.1402965498505382,2.786693674552391
