,median_diff,mean_diff,t_difference
0,-0.04982989527776727,-0.07917593245980681,-0.835977246011694
