,median_diff,mean_diff,t_difference
0,0.011855328221086925,0.08283692272143228,0.18548109179382374
