,median_diff,mean_diff,t_difference
0,0.07418254015563724,0.07251669641325015,1.2921868876969196
