,median_diff,mean_diff,t_difference
0,0.23650058558203307,0.264711178783872,4.256831256982723
