,median_diff,mean_diff,t_difference
0,0.08748461834550958,0.07073706022807535,1.469293784880035
