,median_diff,mean_diff,t_difference
0,0.14445891598806587,0.16232636606291218,2.53155679500778
