,median_diff,mean_diff,t_difference
0,-0.16509393348454626,-0.16093401288766407,-3.0603679522544582
