,median_diff,mean_diff,t_difference
0,-0.06749376399341755,-0.0692637510774875,-1.0714633815999568
