,median_diff,mean_diff,t_difference
0,-0.049118164043258195,-0.06586891204364309,-0.8894941528856583
