,median_diff,mean_diff,t_difference
0,-0.020090709624656977,0.001056288936629901,-0.40222019785360996
