,median_diff,mean_diff,t_difference
0,-0.26064893083978036,-0.2598067939674691,-4.465895328332269
