,median_diff,mean_diff,t_difference
0,-0.11435733874776582,-0.0808278712563254,-1.8923614002578186
