,median_diff,mean_diff,t_difference
0,0.029843274998219593,0.07486342563185633,0.5768347469555615
