,median_diff,mean_diff,t_difference
0,-0.09401625962850702,-0.044641723839831005,-1.694850843584856
