,median_diff,mean_diff,t_difference
0,0.17261664563173706,0.1510123351042194,2.8312722310125205
