,median_diff,mean_diff,t_difference
0,-0.11809982951588538,-0.12803293542733157,-2.130111735470786
