,median_diff,mean_diff,t_difference
0,0.07225057233658783,0.035268105967127594,1.173758853552017
