,median_diff,mean_diff,t_difference
0,0.04883065563256089,0.0587052106335218,0.8887468308027868
