,median_diff,mean_diff,t_difference
0,-0.10809865310485867,-0.15252004218930104,-1.6960774916648835
