,median_diff,mean_diff,t_difference
0,-0.0714022318924501,-0.05247314297950778,-1.1946273613193075
