,median_diff,mean_diff,t_difference
0,0.061732900953811454,0.06959351602332942,1.1344869092795185
