,median_diff,mean_diff,t_difference
0,0.10424427379591145,0.09227173016887447,1.7745482778600927
