,median_diff,mean_diff,t_difference
0,-0.18346469521861253,-0.16388343190601729,-2.9895772492744257
