,median_diff,mean_diff,t_difference
0,0.03269199048033822,0.014632954377911345,0.5834260573935622
