,median_diff,mean_diff,t_difference
0,0.02457554901820236,0.03739964253279304,0.4868558291042689
