,median_diff,mean_diff,t_difference
0,-0.03956536940861466,-0.050267964554752465,-0.6465249789879123
