,median_diff,mean_diff,t_difference
0,-0.13523852374827028,-0.12028532971189165,-2.03867015196095
