,median_diff,mean_diff,t_difference
0,0.008280388589820276,0.01829858351602187,0.1443629607514372
