,median_diff,mean_diff,t_difference
0,-0.17732731599853663,-0.1279375037867812,-3.2146495383892106
