,median_diff,mean_diff,t_difference
0,-0.027143480138097198,-0.015895685261624548,-0.5469794887206849
