,median_diff,mean_diff,t_difference
0,0.001846274454695207,0.008339814967827763,0.03139416096953386
