,median_diff,mean_diff,t_difference
0,0.10741112420295207,0.0910482134754157,1.753267213935927
