,median_diff,mean_diff,t_difference
0,0.09723109777476024,0.15065833321813227,1.648655903773878
