,median_diff,mean_diff,t_difference
0,-0.15373911749917013,-0.12419715355482275,-2.77787035810623
