,median_diff,mean_diff,t_difference
0,0.07518137226189464,0.06004314844190828,1.4034710468144154
