,median_diff,mean_diff,t_difference
0,0.12745830898667942,0.1339155447127982,2.3026126821355253
