,median_diff,mean_diff,t_difference
0,0.07118621495832056,0.059539530095491955,1.1469732833638238
