,median_diff,mean_diff,t_difference
0,0.054311174228002024,0.08759140739809079,1.0279234539935238
