,median_diff,mean_diff,t_difference
0,0.034403308426831924,0.07747468316698469,0.5630718500592963
