,median_diff,mean_diff,t_difference
0,-0.037151455401742806,-0.006450589635260018,-0.5690656876099304
