,median_diff,mean_diff,t_difference
0,0.07847044772495126,0.08354632996805156,1.1561786161550476
