,median_diff,mean_diff,t_difference
0,0.018848051361746276,0.104045753038157,0.3160682525385228
