,median_diff,mean_diff,t_difference
0,-0.034064228970911326,-0.03421785614883066,-0.6259719262729548
