,median_diff,mean_diff,t_difference
0,-0.1494705370493724,-0.14709714243538796,-2.8957183394739427
