,median_diff,mean_diff,t_difference
0,0.25414522128645545,0.28525197036861627,4.663317905146444
