,median_diff,mean_diff,t_difference
0,-0.1717275835945885,-0.16965676460018786,-2.7414867036071735
