,median_diff,mean_diff,t_difference
0,-0.048993247951283236,-0.05595262676187962,-0.8397849246962369
