,median_diff,mean_diff,t_difference
0,0.11524576799317998,0.11741223639949194,2.189797872819754
