,median_diff,mean_diff,t_difference
0,-0.03815357038052203,-0.04663385195862668,-0.6253792058518614
