,median_diff,mean_diff,t_difference
0,0.05628002112706321,0.05114781389943168,1.030968479013995
