,median_diff,mean_diff,t_difference
0,0.09536892135167752,0.13407144835013896,1.5028357329552737
