,median_diff,mean_diff,t_difference
0,0.0623654083460049,0.10246649277604891,1.041023647084852
