,median_diff,mean_diff,t_difference
0,0.04833309080653592,0.08835276573705553,0.8485820374737442
