,median_diff,mean_diff,t_difference
0,-0.15493862811311576,-0.16160219025519718,-2.713051717223792
