,median_diff,mean_diff,t_difference
0,0.07221181996885229,0.08505285343555125,1.2131009211477035
