,median_diff,mean_diff,t_difference
0,0.17794477052395763,0.19851884761356997,2.842144007379403
