,median_diff,mean_diff,t_difference
0,-0.03695603145271287,0.013439520143991857,-0.6487293234478699
