,median_diff,mean_diff,t_difference
0,0.0517283485019997,0.0796774748035527,0.9296045991412147
