,median_diff,mean_diff,t_difference
0,-0.06550970902649533,-0.08190538900315847,-1.1823122416116987
