,median_diff,mean_diff,t_difference
0,0.1870656699301947,0.21940727644803337,2.9118829838682414
