,median_diff,mean_diff,t_difference
0,-0.021145921333293738,0.0066229843652956255,-0.36159716866788844
