,median_diff,mean_diff,t_difference
0,0.07608835196805752,0.12716670900460025,1.2860458837743367
