,median_diff,mean_diff,t_difference
0,-0.13046167179968693,-0.14495581895075704,-2.1568720824935377
