,median_diff,mean_diff,t_difference
0,0.02209148978948894,0.03626273700260718,0.3639837990723261
