,median_diff,mean_diff,t_difference
0,0.15028526590551372,0.20606378423987937,2.477480440419918
