,median_diff,mean_diff,t_difference
0,0.08940087777836592,0.10219172440924279,1.411846876682165
