,median_diff,mean_diff,t_difference
0,-0.021782298514716802,-0.007241102201424154,-0.37220856056023727
