,median_diff,mean_diff,t_difference
0,0.059027991834922355,0.07030200766897288,1.2251242786243868
