,median_diff,mean_diff,t_difference
0,0.01166016113801377,0.056800949484423435,0.18959186158639896
