,median_diff,mean_diff,t_difference
0,0.015712028648403265,0.025396238160748097,0.2945676407035361
