,median_diff,mean_diff,t_difference
0,-0.006673907927914113,0.012609090151057933,-0.10333758665265559
