,median_diff,mean_diff,t_difference
0,-0.027463930052237906,-0.04346036568162742,-0.48260364783183207
