,median_diff,mean_diff,t_difference
0,-0.0681794278727732,-0.0765308595052685,-1.195727268209353
