,median_diff,mean_diff,t_difference
0,0.03751211792287501,0.02897983468437615,0.6699122321046247
