,median_diff,mean_diff,t_difference
0,-0.15905031339611841,-0.1469238908048186,-3.109639730619305
