,median_diff,mean_diff,t_difference
0,0.04929410255632305,0.04555349490830829,0.8120779075294463
