,median_diff,mean_diff,t_difference
0,0.228249793019204,0.2292476149350487,3.7087374681881364
