,median_diff,mean_diff,t_difference
0,-0.0612825019825578,-0.055101090392484675,-1.2137539889739366
