,median_diff,mean_diff,t_difference
0,-0.002379387476047823,0.023420717742572927,-0.046092856613646045
