,median_diff,mean_diff,t_difference
0,0.20324660409411022,0.21428462515160263,3.269023254368209
