,median_diff,mean_diff,t_difference
0,0.07328702823826405,0.0828924294947645,1.14587236291198
