,median_diff,mean_diff,t_difference
0,0.13302263798271585,0.12196108038106424,2.3333271141291454
