,median_diff,mean_diff,t_difference
0,0.006297715232669976,0.03020028680810971,0.10524030251042736
