,median_diff,mean_diff,t_difference
0,-0.010427029949923505,-0.023769153321042347,-0.16360070286747336
