,median_diff,mean_diff,t_difference
0,-0.050538004606635545,-0.05474245328448085,-0.8213674022600476
