,median_diff,mean_diff,t_difference
0,-0.004406619185102656,0.022805999484081352,-0.076737425986167
