,median_diff,mean_diff,t_difference
0,0.13928909818267,0.14132996487071642,2.730562501199037
