,median_diff,mean_diff,t_difference
0,0.022337986704529245,0.0728328860671274,0.3885731127323495
