,median_diff,mean_diff,t_difference
0,-0.011851556617087144,0.017522635887808224,-0.19573896884881672
