,median_diff,mean_diff,t_difference
0,-0.06691048213540318,-0.037081029596472415,-1.3261421256692414
