,median_diff,mean_diff,t_difference
0,-0.165342152364155,-0.1737171643996187,-2.8045467107359143
