,median_diff,mean_diff,t_difference
0,0.10661338301315804,0.12251113584309631,1.9801509991656838
