,median_diff,mean_diff,t_difference
0,0.17030101985084156,0.1638525102200128,2.817421552695975
