,median_diff,mean_diff,t_difference
0,0.027061899235229836,0.05547238482566885,0.4755135595905364
