,median_diff,mean_diff,t_difference
0,-0.20332983632517432,-0.24220246850727678,-2.858250434284454
