,median_diff,mean_diff,t_difference
0,0.1989057063493742,0.3061133569653429,2.9736222821343103
