,median_diff,mean_diff,t_difference
0,-0.14368024091279474,-0.18494179534975475,-2.225243788880475
