,median_diff,mean_diff,t_difference
0,0.0007703316026961282,-0.10826470370375474,-1.1987021153021233
