,median_diff,mean_diff,t_difference
0,-0.31449712114282846,-0.6160152008561356,-6.5786779945340275
