,median_diff,mean_diff,t_difference
0,-0.2008334988589221,-0.12716730870098014,-1.236088416840166
