,median_diff,mean_diff,t_difference
0,-0.015507321431658116,-0.045326271126769235,-0.4239534461495417
