,median_diff,mean_diff,t_difference
0,-0.05725794300368481,-0.16316931613623042,-1.8566951617851215
