,median_diff,mean_diff,t_difference
0,-0.07073431508063188,-0.03884222830016015,-0.42977792466088044
