,median_diff,mean_diff,t_difference
0,-0.07881401772263474,-0.11357493494147963,-1.3189094632183358
