,median_diff,mean_diff,t_difference
0,0.11336418068103915,0.0354802447334861,0.42784480526034063
