,median_diff,mean_diff,t_difference
0,-0.03503228821087789,-0.1128778199147118,-1.0873825579225962
