,median_diff,mean_diff,t_difference
0,-0.16540005765161592,0.028109453133406737,0.2586724974111557
