,median_diff,mean_diff,t_difference
0,-0.09529945597548228,-0.19275528219927662,-1.9824472433526927
