,median_diff,mean_diff,t_difference
0,0.12067763661614639,-0.009756166862952886,-0.10203775332511632
