,median_diff,mean_diff,t_difference
0,-0.12005540736878684,-0.10516066054049045,-1.0957582511996733
