,median_diff,mean_diff,t_difference
0,-0.015417279685831842,-0.19251177830063904,-2.077852774374183
