,median_diff,mean_diff,t_difference
0,-0.196315062311209,-0.3633649788598272,-3.8256276005457086
