,median_diff,mean_diff,t_difference
0,-0.0067845559697876645,-0.021172109074951484,-0.24510021709579705
