,median_diff,mean_diff,t_difference
0,-0.017634263450574617,-0.06633793322913029,-0.646258510748031
