,median_diff,mean_diff,t_difference
0,-0.009743562375422177,0.08968930872565473,0.9549593183377751
