,median_diff,mean_diff,t_difference
0,-0.06213944028430873,-0.12995694336381336,-1.4763954628257492
