,median_diff,mean_diff,t_difference
0,-0.12308614726987299,-0.19500891456181924,-2.2119095238101174
