,median_diff,mean_diff,t_difference
0,0.2291677141816899,0.2536562024350244,2.5692907271973855
