,median_diff,mean_diff,t_difference
0,0.14279838723658156,0.006439919431645347,0.06946138614333358
