,median_diff,mean_diff,t_difference
0,0.01904068299744277,-0.046899261738665654,-0.4728018923448536
