,median_diff,mean_diff,t_difference
0,-0.05157272137400737,-0.3029794591121149,-3.0868564432748204
