,median_diff,mean_diff,t_difference
0,0.04386326747720226,0.14762403328141627,1.447766389944038
