,median_diff,mean_diff,t_difference
0,0.04811228210293783,-0.017356170483193267,-0.17436485804093474
