,median_diff,mean_diff,t_difference
0,0.020048154100011373,-0.13935008302226026,-1.4175197744500239
