,median_diff,mean_diff,t_difference
0,-0.16581628283636385,-0.17893034261257101,-2.0776487793906533
