,median_diff,mean_diff,t_difference
0,-0.009069674501135716,0.038114996354775776,0.3994286598690052
