,median_diff,mean_diff,t_difference
0,0.11416569444180813,-0.10959239014085664,-1.1608826436971453
