,median_diff,mean_diff,t_difference
0,-0.08665112475157499,-0.2414364796229338,-2.3899731994862723
