,median_diff,mean_diff,t_difference
0,0.1496212602118494,0.09493374982761149,1.2645197168810576
