,median_diff,mean_diff,t_difference
0,-0.07602405680908197,-0.12299003869685898,-1.3842655842480243
