,median_diff,mean_diff,t_difference
0,0.06787047862740847,0.11369256739808709,1.108177125452871
