,median_diff,mean_diff,t_difference
0,0.17266304412815126,0.056814066171182676,0.5583895349775383
