,median_diff,mean_diff,t_difference
0,-0.14347351574822875,-0.1918790291867858,-1.936621284697153
