,median_diff,mean_diff,t_difference
0,0.07138497014700418,0.1371143090895086,1.4915527003075997
