,median_diff,mean_diff,t_difference
0,-0.12721345928632666,-0.09928924026240127,-1.1321962709045266
