,median_diff,mean_diff,t_difference
0,-0.011939415967330502,-0.09481121103413659,-1.0638836402748268
