,median_diff,mean_diff,t_difference
0,0.24789065146110545,0.256333543224343,2.3091874280790865
