,median_diff,mean_diff,t_difference
0,-0.21840175904845938,-0.12433107722714776,-1.2881475672016347
