,median_diff,mean_diff,t_difference
0,0.19263998441250996,0.19753925818131113,2.0989100501551423
