,median_diff,mean_diff,t_difference
0,-0.15354033912806764,-0.42913615835159824,-4.10379381982218
