,median_diff,mean_diff,t_difference
0,0.19728218214955673,0.23931286164992538,2.5685112836303516
