,median_diff,mean_diff,t_difference
0,-0.050037316701189716,-0.2522351164692832,-2.741203280601379
