,median_diff,mean_diff,t_difference
0,-0.12392865451158763,-0.0712660595476553,-0.8322107592816865
