,median_diff,mean_diff,t_difference
0,0.06725633572269141,-0.022250118074621517,-0.23580169871546497
