,median_diff,mean_diff,t_difference
0,-0.09588604903710185,-0.01651841950891919,-0.17037148498989957
