,median_diff,mean_diff,t_difference
0,-0.028937671130502496,-0.19346226547097056,-1.909779016659729
