,median_diff,mean_diff,t_difference
0,-0.052183018927656866,-0.05251110382420654,-0.5625430526302773
