,median_diff,mean_diff,t_difference
0,-0.1315943286668202,-0.1262493587105622,-1.2531938888274436
