,median_diff,mean_diff,t_difference
0,0.09927305618861237,-0.05893997695376574,-0.5590375824773097
