,median_diff,mean_diff,t_difference
0,0.09247412487494999,0.043424058423923384,0.48390695904408165
