,median_diff,mean_diff,t_difference
0,-0.1674422882611757,-0.2634720692648813,-2.8419932577440776
