,median_diff,mean_diff,t_difference
0,-0.02150826288573482,-0.02471840991074914,-0.2700509836389451
