,median_diff,mean_diff,t_difference
0,-0.017704425279274294,-0.01755515853636047,-0.19832074283110235
