,median_diff,mean_diff,t_difference
0,0.13532573338946574,0.12139445686886274,1.3483131563366537
