,median_diff,mean_diff,t_difference
0,0.2884064384924476,0.3055762518888301,3.216175132776759
