,median_diff,mean_diff,t_difference
0,-0.07894417248786911,-0.30263045962871027,-3.5028632870921537
