,median_diff,mean_diff,t_difference
0,-0.1279975815991281,-0.2100213372047065,-2.3973470955091445
