,median_diff,mean_diff,t_difference
0,-0.022300343855840565,-0.09373790915320801,-1.054256080515991
