,median_diff,mean_diff,t_difference
0,-0.07535440174771246,-0.28622064319156304,-3.0023487405626716
