,median_diff,mean_diff,t_difference
0,-0.0767496384230224,-0.06748516604296428,-0.7587849724327532
