,median_diff,mean_diff,t_difference
0,0.10347865696340675,-0.01659288092323008,-0.17886779340404435
