,median_diff,mean_diff,t_difference
0,0.050544768791677686,-0.09664557717409361,-1.0735997524764382
