,median_diff,mean_diff,t_difference
0,-0.14997383291715205,-0.18180431468291192,-2.1563391687289046
