,median_diff,mean_diff,t_difference
0,-0.05958914431685869,-0.04891820802189617,-0.449924144534808
