,median_diff,mean_diff,t_difference
0,-0.23176697254273027,-0.3512074296104343,-3.85227624054723
