,median_diff,mean_diff,t_difference
0,0.13329143176511093,0.14178040813656045,1.6102304763463429
