,median_diff,mean_diff,t_difference
0,0.08380296720845626,-0.15807813762486878,-1.5292979763332997
