,median_diff,mean_diff,t_difference
0,0.16430420574724502,0.28798388303873845,3.4789578481164476
