,median_diff,mean_diff,t_difference
0,-0.04522999252442739,0.11185101320338231,1.0438820144166043
