,median_diff,mean_diff,t_difference
0,0.07771905369975418,0.09609054907648273,0.9291740216832016
