,median_diff,mean_diff,t_difference
0,0.024417295479001733,0.21995094510883462,2.786995885375779
