,median_diff,mean_diff,t_difference
0,0.26902447304018895,0.23452916538174406,2.3335742814437057
