,median_diff,mean_diff,t_difference
0,-0.031046265200372902,-0.1040702782716556,-1.123033543451307
