,median_diff,mean_diff,t_difference
0,0.0586793438051304,0.04519100169295598,0.5062579097765573
