,median_diff,mean_diff,t_difference
0,-0.006019115880638415,-0.12198223506241535,-1.2440958809095284
