,median_diff,mean_diff,t_difference
0,0.1567534325585056,-0.04595564249651485,-0.44746718765158316
