,median_diff,mean_diff,t_difference
0,0.12374915295559141,0.1906750550754739,1.9818418420400827
