,median_diff,mean_diff,t_difference
0,0.1264694156307581,0.21051809429325652,2.2305112884169955
