,median_diff,mean_diff,t_difference
0,0.03539890098705967,0.09885842524898458,1.101850066747694
