,median_diff,mean_diff,t_difference
0,-0.008237640858504092,-0.04859003085387159,-0.5309837535210377
