,median_diff,mean_diff,t_difference
0,-0.03475289092668388,-0.014663000952248817,-0.1506377844997905
