,median_diff,mean_diff,t_difference
0,-0.11884795239938029,-0.05871291127548073,-0.6537933930566775
