,median_diff,mean_diff,t_difference
0,0.09393492279246418,0.20772153355898748,2.4716791024884026
