,median_diff,mean_diff,t_difference
0,-0.15650664108262435,-0.19646834656627532,-2.3460474718116124
