,median_diff,mean_diff,t_difference
0,0.19213701939933014,0.24701324514623324,2.420915730381022
