,median_diff,mean_diff,t_difference
0,-0.02753142860045421,0.05975272044979163,0.6018030019400921
