,median_diff,mean_diff,t_difference
0,0.05160369621776972,-0.04206091971014403,-0.3890114884995375
