,median_diff,mean_diff,t_difference
0,-0.09353644991145238,-0.07294605894769957,-0.7654825965250834
