,median_diff,mean_diff,t_difference
0,0.06118585202428095,0.06671204410129095,0.7547755033209078
