,median_diff,mean_diff,t_difference
0,0.3066126909221474,0.3432632287697037,3.503571776618955
