,median_diff,mean_diff,t_difference
0,0.09967776389341676,-0.023190651573064214,-0.2588123510949106
