,median_diff,mean_diff,t_difference
0,0.03598573616560086,-0.032008853136303195,-0.37931020190423764
