,median_diff,mean_diff,t_difference
0,-0.3321457287767826,-0.30584089386596114,-3.4295063205449976
