,median_diff,mean_diff,t_difference
0,-0.0023692537919384193,-0.055747169731903634,-0.6620673277553768
