,median_diff,mean_diff,t_difference
0,-0.08001899856914729,-0.2358182958329721,-2.735812865736028
