,median_diff,mean_diff,t_difference
0,-0.3616117145362212,-0.5065993735331543,-5.512808940817856
