,median_diff,mean_diff,t_difference
0,0.06477615636397738,-0.0366530776253573,-0.38903543271891794
