,median_diff,mean_diff,t_difference
0,0.09788941256765271,0.20964993059596349,2.1764944465852922
