,median_diff,mean_diff,t_difference
0,-0.06852915862045261,-0.19417474137175827,-2.098418626199779
