,median_diff,mean_diff,t_difference
0,-0.029745162149111937,0.0097785582630312,0.11348820782979256
