,median_diff,mean_diff,t_difference
0,-0.17443438941460387,-0.09628527761802563,-0.964335762051539
