,median_diff,mean_diff,t_difference
0,0.00951459701301105,0.03849721919474636,0.433355523930413
