,median_diff,mean_diff,t_difference
0,0.08976049969941968,0.1526228703941903,1.6686869815776944
