,median_diff,mean_diff,t_difference
0,0.13779092306192642,0.09639003257766321,1.028980812661689
