,median_diff,mean_diff,t_difference
0,-0.10501188733807354,-0.1659741932580716,-1.753074824229925
