,median_diff,mean_diff,t_difference
0,0.0448010549364124,-0.09118023230123096,-1.0126663181381719
