,median_diff,mean_diff,t_difference
0,-0.005844363286580889,-0.30243246939144,-3.03851952967662
