,median_diff,mean_diff,t_difference
0,0.1376401191338601,0.039752458890682796,0.38172304168115956
