,median_diff,mean_diff,t_difference
0,-0.16035770914571013,-0.21066178489587417,-2.5653658321866373
