,median_diff,mean_diff,t_difference
0,-0.0838168685004671,-0.06667352996728182,-0.6597889555021376
