,median_diff,mean_diff,t_difference
0,-0.269866410627593,-0.2332202929995444,-2.4372617896642463
