,median_diff,mean_diff,t_difference
0,-0.12246745738852827,-0.28964535145061543,-3.3089312738820165
