,median_diff,mean_diff,t_difference
0,-0.07748600734109168,-0.2590706551273354,-2.826802575165799
