,median_diff,mean_diff,t_difference
0,0.07231793457505065,0.14444335189660973,1.6543277263396998
