,median_diff,mean_diff,t_difference
0,-0.08368668369386956,-0.20043703115003253,-2.179966897600918
