,median_diff,mean_diff,t_difference
0,0.06791733801684252,0.10609359959287779,1.3125129804180626
