,median_diff,mean_diff,t_difference
0,0.2344315398984227,0.19406271253439655,2.0485023947233207
