,median_diff,mean_diff,t_difference
0,0.010871088648568006,-0.08315870725581798,-0.9284943123201241
