,median_diff,mean_diff,t_difference
0,-0.1551742393304143,-0.10007572616150462,-1.0331663998635012
