,median_diff,mean_diff,t_difference
0,0.11143239656050419,0.004695625808054826,0.04932071945534359
