,median_diff,mean_diff,t_difference
0,-0.14826075687878149,-0.15889149447141593,-1.905700791200896
