,median_diff,mean_diff,t_difference
0,-0.11904022459527963,-0.27552340438448797,-2.8095060854497578
