,median_diff,mean_diff,t_difference
0,-0.07458672706327074,-0.04764934894894446,-0.47931913807575777
