,median_diff,mean_diff,t_difference
0,-0.11941006187262881,-0.1791474384276439,-1.824566757236869
