,median_diff,mean_diff,t_difference
0,-0.26972598813002646,-0.2845136736018077,-2.559900892843085
