,median_diff,mean_diff,t_difference
0,0.07752088136024127,-0.028026565478000642,-0.32022751690229634
