,median_diff,mean_diff,t_difference
0,0.027626323564378663,-0.07861343958248357,-0.7576457671425505
