,median_diff,mean_diff,t_difference
0,0.14682370844865944,0.023129657059177244,0.27068924248668075
