,median_diff,mean_diff,t_difference
0,-0.15615567919394246,-0.3216370281249741,-3.3084763571073674
