,median_diff,mean_diff,t_difference
0,0.025734084244531608,-0.023034901581699962,-0.25594624459238347
