,median_diff,mean_diff,t_difference
0,0.14322424760932229,0.17360690707364612,2.0151045216688934
