,median_diff,mean_diff,t_difference
0,-0.2229762386230163,-0.2425445254275147,-2.5230661035289503
