,median_diff,mean_diff,t_difference
0,0.017787052061872588,0.011327466464112312,0.11927744184757853
