,median_diff,mean_diff,t_difference
0,0.16893412537415076,0.2198338643463421,2.8194054703305214
