,median_diff,mean_diff,t_difference
0,0.12791232408728304,-0.007646554700994512,-0.09818928674233653
