,median_diff,mean_diff,t_difference
0,0.19189404876706728,-0.007475308415002546,-0.07100558751543204
