,median_diff,mean_diff,t_difference
0,0.020119190231294937,0.0033081286045575364,0.03367391475177441
