,median_diff,mean_diff,t_difference
0,-0.042839250141375906,-0.07038556875301949,-0.7776376617705423
