,median_diff,mean_diff,t_difference
0,-0.2614556170145995,-0.3957525552822043,-4.291196072134486
