,median_diff,mean_diff,t_difference
0,0.02260792541290646,-0.07380468937461959,-0.8512623854056457
