,median_diff,mean_diff,t_difference
0,-0.22529339426082018,-0.31167286953086837,-3.882207801515247
