,median_diff,mean_diff,t_difference
0,-0.2600892973781914,-0.2742970783334159,-3.1206824633330963
