,median_diff,mean_diff,t_difference
0,-0.13697581302858475,-0.23127150233576055,-2.5494666014593106
