,median_diff,mean_diff,t_difference
0,-0.1846729285241725,-0.3462425284132996,-4.1718198601674175
