,median_diff,mean_diff,t_difference
0,-0.17518387381292255,-0.38362687637374115,-3.8916452497249936
