,median_diff,mean_diff,t_difference
0,0.08748775080794136,0.09491937300699416,0.9395827551434403
