,median_diff,mean_diff,t_difference
0,0.11554351244254268,0.05731820223399664,0.5598451272233522
