,median_diff,mean_diff,t_difference
0,0.12747247840779408,0.013572546311263478,0.12330464435197255
