,median_diff,mean_diff,t_difference
0,-0.1099954656865717,-0.2696490220073555,-3.0163329640875665
