,median_diff,mean_diff,t_difference
0,-0.08579261161716045,-0.2628104998730517,-2.9331274666973215
