,median_diff,mean_diff,t_difference
0,0.04277226558771641,-0.0015958720543218785,-0.016384055966259668
