,median_diff,mean_diff,t_difference
0,0.08495122855630921,0.11303326481072373,1.309979998456512
