,median_diff,mean_diff,t_difference
0,0.09562997293839615,-0.06121555518610178,-0.7033766721235802
