,median_diff,mean_diff,t_difference
0,-0.006684427493553136,-0.03803843693439557,-0.4060042823903657
