,median_diff,mean_diff,t_difference
0,0.15108442116649956,0.19517884085687132,2.1699737493118985
