,median_diff,mean_diff,t_difference
0,-0.06687725166896374,-0.19879614996392858,-2.169690441979795
