,median_diff,mean_diff,t_difference
0,0.13441375618086604,0.11644154598709888,1.218053799168287
