,median_diff,mean_diff,t_difference
0,-0.020773095376874218,0.03222893997181697,0.36362181565317664
