,median_diff,mean_diff,t_difference
0,-0.10713329616933143,-0.018544583594231945,-0.19182626054631194
