,median_diff,mean_diff,t_difference
0,-0.07526790371111014,-0.11128429381636584,-1.4102520757090502
