,median_diff,mean_diff,t_difference
0,0.1040136063781969,-0.12899392932990628,-1.3414780885959061
