,median_diff,mean_diff,t_difference
0,0.0844120263355248,0.06879976402037835,0.6806649154480926
