,median_diff,mean_diff,t_difference
0,-0.10943237846398124,-0.08500315920282309,-0.9880741162461515
