,median_diff,mean_diff,t_difference
0,-0.0019526135275018675,-0.13282243601167298,-1.4513442491777757
