,median_diff,mean_diff,t_difference
0,-0.12842763912483735,-0.1799411563719282,-1.9864989009910634
