,median_diff,mean_diff,t_difference
0,0.01541819370894626,-0.16115775259641651,-1.547753416457423
