,median_diff,mean_diff,t_difference
0,0.013432974500862338,0.009525908924219673,0.10288681484552151
