,median_diff,mean_diff,t_difference
0,-0.054295571204010185,-0.20252114583690772,-2.016131877104631
