,median_diff,mean_diff,t_difference
0,0.03560195911520947,0.00039557271173840114,0.004216911147738535
