,median_diff,mean_diff,t_difference
0,0.0891917275941283,-0.004534811431479602,-0.04862459929137065
