,median_diff,mean_diff,t_difference
0,0.05255141460957069,-0.12953319835624688,-1.4731845603372353
