,median_diff,mean_diff,t_difference
0,0.2587193296480219,0.0437561543710796,0.4919860613124415
