,median_diff,mean_diff,t_difference
0,-0.04505249139968959,-0.17051193704087497,-1.6676657068642355
