,median_diff,mean_diff,t_difference
0,-0.05048627362511904,-0.06872674167520887,-0.7587652187717935
