,median_diff,mean_diff,t_difference
0,0.008242321843800804,0.02556269614738116,0.2442341097727585
