,median_diff,mean_diff,t_difference
0,0.02703949122717042,-0.00039206046901418823,-0.0040178370037170855
