,median_diff,mean_diff,t_difference
0,0.019041963563901754,-0.13629040945854198,-1.4312750580745919
