,median_diff,mean_diff,t_difference
0,0.13341048904808073,0.12680640646065,1.2998455867815712
