,median_diff,mean_diff,t_difference
0,-0.384937721307995,-0.4356682083741473,-4.630760906066647
