,median_diff,mean_diff,t_difference
0,0.024670685082413213,-0.0006283448909452094,-0.006727868093893966
