,median_diff,mean_diff,t_difference
0,-0.019464304580575797,-0.12046256620074747,-1.286228340267917
