,median_diff,mean_diff,t_difference
0,-0.09870557182328343,-0.14526348228129504,-1.6218712792789678
