,median_diff,mean_diff,t_difference
0,0.24547489698887515,0.1309713889142372,1.4597739002393835
