,median_diff,mean_diff,t_difference
0,0.16101413891866367,-0.007345907830582199,-0.0727999768007542
