,median_diff,mean_diff,t_difference
0,-0.1533755094684921,-0.17913231642000083,-2.236121629724243
