,median_diff,mean_diff,t_difference
0,-0.024505773633499928,-0.08366239091120131,-0.9151659188733035
