,median_diff,mean_diff,t_difference
0,-0.03156804797230994,-0.03794948016498423,-0.43291910079423634
