,median_diff,mean_diff,t_difference
0,-0.14153824723934683,-0.14624028501648323,-1.6571400803618015
