,median_diff,mean_diff,t_difference
0,-0.13267410793499257,-0.23995637629462552,-2.412257002191385
