,median_diff,mean_diff,t_difference
0,-0.05516143655345418,0.02813227896963899,0.30528195051507406
