,median_diff,mean_diff,t_difference
0,-0.019266210736049172,-0.27479125092005674,-2.5798421321893055
