,median_diff,mean_diff,t_difference
0,-0.15384279375647913,-0.3651226171017531,-4.029006543210601
