,median_diff,mean_diff,t_difference
0,0.1128496530276395,0.17803897092500076,1.813246890842605
