,median_diff,mean_diff,t_difference
0,-0.016905685563020745,0.028367916535624982,0.2765868865613386
