,median_diff,mean_diff,t_difference
0,0.006055341105762224,0.05672275442522512,0.6005269731053321
