,median_diff,mean_diff,t_difference
0,0.022565824844078097,0.024073766976235644,0.28286259498743616
