,median_diff,mean_diff,t_difference
0,-0.1400048387708953,-0.10483940690516325,-1.1645702231766604
