,median_diff,mean_diff,t_difference
0,0.17364004034304958,0.14853269334575403,1.5912016278716001
