,median_diff,mean_diff,t_difference
0,0.08761998912127589,-0.034701575611941315,-0.40771229219802463
