,median_diff,mean_diff,t_difference
0,-0.039126064063476074,0.02249527512395555,0.23361346140721592
