,median_diff,mean_diff,t_difference
0,-0.3297808501221885,-0.41888903680928635,-4.200433776606253
