,median_diff,mean_diff,t_difference
0,0.1114739644742655,0.14227817817918753,1.5382148039321781
