,median_diff,mean_diff,t_difference
0,-0.19829739287150394,-0.27743508700462716,-3.153989621867427
