,median_diff,mean_diff,t_difference
0,-0.025105811607384787,-0.06221434715774454,-0.73238092924047
