,median_diff,mean_diff,t_difference
0,-0.04985873992562939,-0.1788462553565343,-1.9934141940328243
