,median_diff,mean_diff,t_difference
0,-0.19763347348723537,-0.2555911663121764,-2.4483898874904213
