,median_diff,mean_diff,t_difference
0,-0.08115696070142087,-0.09872374154239338,-0.9401454678832885
