,median_diff,mean_diff,t_difference
0,-0.045442477857785546,-0.058284050464786796,-0.6687118360924773
