,median_diff,mean_diff,t_difference
0,0.055037848840769676,0.031369624575538824,0.31086711145254503
