,median_diff,mean_diff,t_difference
0,0.014923416771071452,-0.021519317927815473,-0.23589542410485867
