,median_diff,mean_diff,t_difference
0,0.01618630581936842,0.043418186277933035,0.4441857428688866
