,median_diff,mean_diff,t_difference
0,0.020737177918467742,-0.026077051972700493,-0.3074811636090235
