,median_diff,mean_diff,t_difference
0,-0.06368018674535403,-0.11609484294854422,-1.3070742233445742
