,median_diff,mean_diff,t_difference
0,0.02471984014307338,0.1259476010229692,1.3805265236712618
