,median_diff,mean_diff,t_difference
0,-0.011302678998758697,-0.054383689359916776,-0.57295796078329
