,median_diff,mean_diff,t_difference
0,-0.03503720254524201,-0.008854623660399907,-0.09102309046877272
