,median_diff,mean_diff,t_difference
0,0.21217528705915156,0.2888714205502483,2.8318623352386507
