,median_diff,mean_diff,t_difference
0,-0.09208105729747174,-0.06714170246956219,-0.7570746692937247
