,median_diff,mean_diff,t_difference
0,-0.10843017858096682,-0.1987664331178569,-2.220942030890204
