,median_diff,mean_diff,t_difference
0,0.039411097642965465,0.028688447939331008,0.3167119140379954
