,median_diff,mean_diff,t_difference
0,0.08072237726073572,0.03269667616054184,0.40723366337551287
