,median_diff,mean_diff,t_difference
0,-0.04909399338130549,-0.2672152432403454,-2.866336933677199
