,median_diff,mean_diff,t_difference
0,-0.05599645872087411,-0.07930914476300366,-0.9591350762599703
