,median_diff,mean_diff,t_difference
0,0.3220125336575479,0.2530428326773757,2.7769968560818317
