,median_diff,mean_diff,t_difference
0,-0.11855642602557359,-0.387611953490435,-3.76988887267567
