,median_diff,mean_diff,t_difference
0,0.13522260689608412,0.09559208255250606,1.0144375330324646
