,median_diff,mean_diff,t_difference
0,0.15600860158037322,0.20742790927031685,1.948090896252285
