,median_diff,mean_diff,t_difference
0,-0.10141142448136464,-0.1329032152232945,-1.2448719565573299
