,median_diff,mean_diff,t_difference
0,0.2486252138703129,0.27263295430591405,2.779830550312434
