,median_diff,mean_diff,t_difference
0,0.006858044696040455,-0.016321831325257996,-0.18552554969531804
