,median_diff,mean_diff,t_difference
0,-0.02739562178016397,-0.20954159906951375,-2.115793109033086
