,median_diff,mean_diff,t_difference
0,0.009338431457834417,0.12172389531491146,1.3581411247609865
