,median_diff,mean_diff,t_difference
0,0.21768747786611664,0.41672987386856786,4.1122233416535545
