,median_diff,mean_diff,t_difference
0,-0.11097459058353598,-0.27028424480531577,-3.040139489953251
