,median_diff,mean_diff,t_difference
0,-0.09743406729520343,-0.06789714673358538,-0.7934312567573514
