,median_diff,mean_diff,t_difference
0,-0.13955282453856643,-0.14866454228873516,-1.582356148465994
