,median_diff,mean_diff,t_difference
0,-0.02207681733488731,0.08458457760971005,0.9966626596711992
