,median_diff,mean_diff,t_difference
0,-0.06221985430209909,-0.018384532898652495,-0.1914035319666954
