,median_diff,mean_diff,t_difference
0,0.029503957778348022,0.1924679379390999,1.8752205652329066
