,median_diff,mean_diff,t_difference
0,-0.14157010077416454,-0.20598625599750342,-2.2024836330955933
