,median_diff,mean_diff,t_difference
0,-0.35800975550434355,-0.23225372813734646,-2.656592205841712
