,median_diff,mean_diff,t_difference
0,0.07097323100904418,0.04028316692954248,0.46483282686144695
