,median_diff,mean_diff,t_difference
0,-0.09511097413198066,-0.06417907958976699,-0.6793007256564205
