,median_diff,mean_diff,t_difference
0,-0.08561521434317676,-0.17170982595057738,-1.9005130727992119
