,median_diff,mean_diff,t_difference
0,0.045916051154099025,0.07389480610217447,0.7948023176216731
