,median_diff,mean_diff,t_difference
0,-0.09449831212311421,-0.0037603947483173528,-0.04736865386502853
