,median_diff,mean_diff,t_difference
0,0.2320807792207844,0.24756466801136434,2.4358008277826957
