,median_diff,mean_diff,t_difference
0,-0.011842489066345996,-0.05684883690278553,-0.6787367304906698
