,median_diff,mean_diff,t_difference
0,0.015550310835005243,0.04314822447251143,0.43426527772545787
