,median_diff,mean_diff,t_difference
0,-0.073005244484043,0.07617443761327536,0.6573889069947416
