,median_diff,mean_diff,t_difference
0,-0.100308741376125,-0.2573395416538684,-2.7071686711687506
