,median_diff,mean_diff,t_difference
0,-0.25959151716751794,-0.4264498874688546,-4.846205992750549
