,median_diff,mean_diff,t_difference
0,0.09649046133725014,-0.06188253609440819,-0.630855653151946
