,median_diff,mean_diff,t_difference
0,-0.1261786057428319,-0.11340947638975574,-1.1953072568065306
