,median_diff,mean_diff,t_difference
0,0.23603901664406168,0.12328687529146531,1.2817654398353837
