,median_diff,mean_diff,t_difference
0,-0.20779776213246093,-0.2818128094405379,-3.2469579347052235
