,median_diff,mean_diff,t_difference
0,0.1453955391872772,0.0744195462352657,0.8232465326000435
