,median_diff,mean_diff,t_difference
0,0.2235588050176054,0.09537407348412175,1.1274975328313832
