,median_diff,mean_diff,t_difference
0,-0.12279606107351404,-0.17860589883777833,-1.7391043410993865
