,median_diff,mean_diff,t_difference
0,0.12339822033206183,0.0703743711765048,0.708700483943698
