,median_diff,mean_diff,t_difference
0,0.12642575426742853,0.21258741232528922,2.5925782853908625
