,median_diff,mean_diff,t_difference
0,-0.16821022645189743,-0.33413719602519776,-3.5412803596060467
