,median_diff,mean_diff,t_difference
0,0.016938790700926187,-0.04067099321306,-0.4207090040419595
