,median_diff,mean_diff,t_difference
0,-0.257044889973456,-0.5336079537611369,-4.958248040434651
