,median_diff,mean_diff,t_difference
0,-0.021876082651060447,-0.15211917808175768,-1.4845121370131173
