,median_diff,mean_diff,t_difference
0,-0.10328107576323309,-0.13863983968997684,-1.5110359595435165
