,median_diff,mean_diff,t_difference
0,0.21344361918896482,0.19060433974056035,2.2373094946352046
