,median_diff,mean_diff,t_difference
0,-0.05963548546664199,-0.1132864394940869,-1.1801281438523081
