,median_diff,mean_diff,t_difference
0,-0.0769220982710015,-0.18150214501426576,-1.889908946623509
