,median_diff,mean_diff,t_difference
0,0.005367665061875471,0.00039080510614697417,0.0040340632784211525
