,median_diff,mean_diff,t_difference
0,0.02189378486227478,0.00130050816117655,0.015610541782909252
