,median_diff,mean_diff,t_difference
0,-0.012760810626444408,0.06960097235106466,0.757146404512796
