,median_diff,mean_diff,t_difference
0,0.08934932874799872,0.04524999443718847,0.4590516206967456
