,median_diff,mean_diff,t_difference
0,0.07615571349858574,-0.024368166489601162,-0.2161334663424478
