,median_diff,mean_diff,t_difference
0,0.046356145081480005,0.09596557644723624,0.9493212415334881
