,median_diff,mean_diff,t_difference
0,-0.11528394539199338,-0.15026558300333748,-1.7151151372649809
