,median_diff,mean_diff,t_difference
0,-0.12398086672757402,0.03220160486138668,0.3335311083140334
