,median_diff,mean_diff,t_difference
0,-0.2555822839794457,-0.4358060869243402,-5.16651615587325
