,median_diff,mean_diff,t_difference
0,-0.010637366668442172,0.054306417666449835,0.5652787626905047
