,median_diff,mean_diff,t_difference
0,0.10030130650279889,0.01972496724303019,0.22343628297579282
