,median_diff,mean_diff,t_difference
0,-0.18751655249151722,-0.3894325768359991,-4.145515003575493
