,median_diff,mean_diff,t_difference
0,0.1371394293799868,0.1487044341936472,1.6151745121354468
