,median_diff,mean_diff,t_difference
0,-0.11014870896811635,-0.2903730049713833,-3.3241787841943733
