,median_diff,mean_diff,t_difference
0,0.19187191321256591,0.12063294064079777,1.3050823771537492
