,median_diff,mean_diff,t_difference
0,-0.25804265766129375,-0.339442134514655,-3.213429885546818
