,median_diff,mean_diff,t_difference
0,-0.10077628466560395,-0.16216318052699297,-1.7002729275832666
