,median_diff,mean_diff,t_difference
0,-0.17712657963848888,-0.2517075737900859,-3.5487579493736323
