,median_diff,mean_diff,t_difference
0,0.0025256206898660594,-0.047153358012310465,-0.47690483721219024
