,median_diff,mean_diff,t_difference
0,0.0028626912618993083,-0.03229828164389015,-0.3690454615983105
