,median_diff,mean_diff,t_difference
0,0.1303034550237152,0.006279006992508496,0.06110789150616849
