,median_diff,mean_diff,t_difference
0,-0.10654480245669085,-0.178603099269657,-1.837458297341797
