,median_diff,mean_diff,t_difference
0,0.27442741728740283,0.28497385721821455,3.3985870529158095
