,median_diff,mean_diff,t_difference
0,-0.06801367106317402,-0.1157424156628799,-1.3284440974172296
