,median_diff,mean_diff,t_difference
0,-0.09648489751006606,-0.1935768178367756,-2.0984407475972198
