,median_diff,mean_diff,t_difference
0,0.0537176173855789,-0.013655045790666342,-0.14757945170267614
