,mean_ch_pred,mean_ch_rew
0,0.11223009406585772,-0.22234877811849682
