,mean_ch_pred,mean_ch_rew
0,0.02715918185889671,-0.158220156645388
