,mean_ch_pred,mean_ch_rew
0,0.12129928728064336,0.07242893686891727
