,mean_ch_pred,mean_ch_rew
0,0.07916300376302422,0.14426901383499577
