,mean_ch_pred,mean_ch_rew
0,0.036847339766292946,-0.2073622768608472
