,mean_ch_pred,mean_ch_rew
0,0.09505514750069345,-0.0386313245561563
