,mean_ch_pred,mean_ch_rew
0,0.192270663357946,-0.016232871493876623
