,mean_ch_pred,mean_ch_rew
0,-0.20978328173933983,0.015140843709045955
