,mean_ch_pred,mean_ch_rew
0,-0.10559615726059722,0.01999881872836848
