,mean_ch_pred,mean_ch_rew
0,0.019481925645668485,-0.15519695856154858
