,mean_ch_pred,mean_ch_rew
0,0.24647067068382866,0.1339436817539038
