,mean_ch_pred,mean_ch_rew
0,0.04508601554087698,-0.32429558482632903
