,mean_ch_pred,mean_ch_rew
0,-0.20237694321730162,-0.08624677206854868
