,mean_ch_pred,mean_ch_rew
0,0.01089061690129508,-0.015883893949182912
