,mean_ch_pred,mean_ch_rew
0,0.2631894104674079,0.18790381703079384
