,mean_ch_pred,mean_ch_rew
0,0.05654757356589488,-0.2124549433552708
