,mean_ch_pred,mean_ch_rew
0,-0.21034128105816063,0.24191929005182045
