,mean_ch_pred,mean_ch_rew
0,-0.1594544960064681,0.07085065667040702
