,mean_ch_pred,mean_ch_rew
0,0.3451519234925036,0.13331161021904536
