,mean_ch_pred,mean_ch_rew
0,-0.14899107937585285,0.16384564340620503
