,mean_ch_pred,mean_ch_rew
0,-0.13782765788570955,0.13647375432982345
