,mean_ch_pred,mean_ch_rew
0,-0.07903846312638373,-0.2131569946899278
