,mean_ch_pred,mean_ch_rew
0,-0.08878260303760344,-0.049455020843855065
