,mean_ch_pred,mean_ch_rew
0,-0.12687168453561642,0.04136508138738942
