,mean_ch_pred,mean_ch_rew
0,-0.0035412200600643657,0.01396066594068121
