,mean_ch_pred,mean_ch_rew
0,-0.15216024501495565,-0.001408363643638282
