,mean_ch_pred,mean_ch_rew
0,-0.08437307784466509,0.045878707666979324
