,mean_ch_pred,mean_ch_rew
0,0.20654075573003938,-0.03175246346759994
