,mean_ch_pred,mean_ch_rew
0,-0.02211136433215154,-0.043772467233216976
