,mean_ch_pred,mean_ch_rew
0,-0.06435288692072276,-0.0691344364011446
