,mean_ch_pred,mean_ch_rew
0,-0.1777876945171123,-0.1080881564642826
