,mean_ch_pred,mean_ch_rew
0,0.1838915222004187,-0.031167387678568904
