,mean_ch_pred,mean_ch_rew
0,-0.21202788119928653,-0.17327187248791653
