,mean_ch_pred,mean_ch_rew
0,0.0991471914343844,-0.0344118302051611
