,mean_ch_pred,mean_ch_rew
0,-0.0323233849778033,-0.006580712502535388
