,mean_ch_pred,mean_ch_rew
0,-0.01872347088304097,-0.19063950944544641
