,mean_ch_pred,mean_ch_rew
0,0.05766571533997325,-0.09311148198459578
