,mean_ch_pred,mean_ch_rew
0,-0.15460016561650114,-0.08143102169990002
