,mean_ch_pred,mean_ch_rew
0,-0.01361193854574022,0.22412723504052634
