,mean_ch_pred,mean_ch_rew
0,0.013235197058381094,-0.08170256001701005
