,mean_ch_pred,mean_ch_rew
0,0.04616592924523064,0.05671344188510968
