,mean_ch_pred,mean_ch_rew
0,-0.08979581595268271,-0.3462294437997355
