,mean_ch_pred,mean_ch_rew
0,-0.09250893004745692,-0.16859405234032684
