,mean_ch_pred,mean_ch_rew
0,0.012431949767148674,0.08104727313335325
