,mean_ch_pred,mean_ch_rew
0,-0.11286621220190067,0.010716761640243036
