,mean_ch_pred,mean_ch_rew
0,-0.0012471884710243408,0.02334474057812591
