,mean_ch_pred,mean_ch_rew
0,0.12399994791575734,0.08153971004944892
