,mean_ch_pred,mean_ch_rew
0,-0.07491925358555275,0.1143288081060524
