,mean_ch_pred,mean_ch_rew
0,0.22274961790518258,-0.0416947434874051
