,mean_ch_pred,mean_ch_rew
0,0.06435321421247357,0.0022316892912031864
