,mean_ch_pred,mean_ch_rew
0,0.0801712338369235,-0.1295071574557279
