,mean_ch_pred,mean_ch_rew
0,0.19458767246083655,0.1351635333762152
