,mean_ch_pred,mean_ch_rew
0,0.2687176488789808,0.06594191604795321
