,mean_ch_pred,mean_ch_rew
0,-0.04943028075160095,0.040153337182768416
