,mean_ch_pred,mean_ch_rew
0,-0.08579553248116667,0.01744688937128676
