,mean_ch_pred,mean_ch_rew
0,0.0005420379630790423,-0.12183107502876166
