,mean_ch_pred,mean_ch_rew
0,0.018096572581490354,0.11248899824001642
