,mean_ch_pred,mean_ch_rew
0,0.05776312208098618,0.046753377253980245
