,mean_ch_pred,mean_ch_rew
0,0.09332577813507319,0.1556468493917382
