,mean_ch_pred,mean_ch_rew
0,-0.07534821778826058,0.036621068925370745
