,mean_ch_pred,mean_ch_rew
0,0.07034465345208896,-0.07674521426822455
