,mean_ch_pred,mean_ch_rew
0,0.06118063752590632,0.13034887432343134
