,mean_ch_pred,mean_ch_rew
0,-0.3124890608566165,-0.11098063009368231
