,mean_ch_pred,mean_ch_rew
0,-0.30127383804756164,0.03437691079021106
