,mean_ch_pred,mean_ch_rew
0,0.11445847339260463,-0.10973390090444501
