,mean_ch_pred,mean_ch_rew
0,-0.12532401384660077,-0.12390748222170707
