,mean_ch_pred,mean_ch_rew
0,-0.16412908839736243,0.00047232714132174985
