,mean_ch_pred,mean_ch_rew
0,-0.04297774013863151,0.11438374082498097
