,mean_ch_pred,mean_ch_rew
0,0.08846826038425139,0.11457055266357152
