,mean_ch_pred,mean_ch_rew
0,0.005382216526850825,0.02964689086188757
