,mean_ch_pred,mean_ch_rew
0,-0.0913751413613687,-0.028755958128146648
