,mean_ch_pred,mean_ch_rew
0,-0.19970342900840762,-0.26623144216678657
