,mean_ch_pred,mean_ch_rew
0,0.07433400867617118,-0.06282038666021804
