,mean_ch_pred,mean_ch_rew
0,0.0006785915251887228,-0.13368692301438043
