,mean_ch_pred,mean_ch_rew
0,-0.07378745699228298,0.2713203523616061
