,mean_ch_pred,mean_ch_rew
0,0.10990692977600576,0.08380527382644787
