,mean_ch_pred,mean_ch_rew
0,-0.03836711641290009,0.0674650840801161
