,mean_ch_pred,mean_ch_rew
0,-0.13473091273734827,0.15138202064757109
