,mean_ch_pred,mean_ch_rew
0,0.09393174605548772,-0.14050438387201095
