,mean_ch_pred,mean_ch_rew
0,0.02394185790828882,0.21776129402859837
