,mean_ch_pred,mean_ch_rew
0,0.039470376323569145,0.09686758667969764
