,mean_ch_pred,mean_ch_rew
0,0.07888678845645591,0.20672360871041287
