,mean_ch_pred,mean_ch_rew
0,-0.08787691658991303,-0.288780820925119
