,mean_ch_pred,mean_ch_rew
0,-0.2077534220270764,-0.15509330244687855
