,mean_ch_pred,mean_ch_rew
0,0.12287497638947614,-0.12051339589876324
