,mean_ch_pred,mean_ch_rew
0,0.0009014445839512011,-0.058802365827294846
