,mean_ch_pred,mean_ch_rew
0,0.14378397483629282,0.21755268526790517
