,mean_ch_pred,mean_ch_rew
0,0.05704748664140565,-0.034319052923063205
