,mean_ch_pred,mean_ch_rew
0,0.02127125945714155,0.04057271004336459
