,mean_ch_pred,mean_ch_rew
0,-0.00787538588703745,-0.19725752516601328
