,mean_ch_pred,mean_ch_rew
0,0.10031411095965365,0.0609521277689295
