,mean_ch_pred,mean_ch_rew
0,-0.07685004157746664,-0.08860411478948745
