,mean_ch_pred,mean_ch_rew
0,0.09425442966987747,-0.2865549635906888
