,mean_ch_pred,mean_ch_rew
0,0.056635627769047174,-0.2284291753084746
