,mean_ch_pred,mean_ch_rew
0,-0.15820733686211078,0.03605507803991508
