,mean_ch_pred,mean_ch_rew
0,-0.17241370999733363,0.044033619674176155
