,mean_ch_pred,mean_ch_rew
0,-0.18014614915136004,-0.22176796286438274
