,mean_ch_pred,mean_ch_rew
0,-0.05044728504245302,0.07327650845284517
