,mean_ch_pred,mean_ch_rew
0,0.24942745354294268,0.1309283192071866
