,mean_ch_pred,mean_ch_rew
0,-0.0653967467058507,-0.11789431652689968
