,mean_ch_pred,mean_ch_rew
0,0.10201693451124744,0.09134855373641716
