,mean_ch_pred,mean_ch_rew
0,0.12175696872823838,0.1360835496131466
