,mean_ch_pred,mean_ch_rew
0,0.06877814273181232,-0.1563086157719379
