,mean_ch_pred,mean_ch_rew
0,0.03879286475584059,0.005082931726260338
