,mean_ch_pred,mean_ch_rew
0,0.2334025249296379,0.06734561573595896
