,mean_ch_pred,mean_ch_rew
0,-0.11276056980891173,0.08339582662608085
