,mean_ch_pred,mean_ch_rew
0,0.4113237770843252,0.121392856238004
