,mean_ch_pred,mean_ch_rew
0,-0.016237750972090296,-0.020359257036105378
