,mean_ch_pred,mean_ch_rew
0,-0.052525098948519366,0.0012342276569552446
