,mean_ch_pred,mean_ch_rew
0,-0.11840620079213537,0.19198332842010515
