,mean_ch_pred,mean_ch_rew
0,0.23607501701721367,0.04096362222078995
