,mean_ch_pred,mean_ch_rew
0,0.020984096727532108,0.2110828618229156
