,mean_ch_pred,mean_ch_rew
0,-0.12557599100673325,-0.10423686390194291
