,mean_ch_pred,mean_ch_rew
0,0.025092652949590396,0.06743495836525107
