,mean_ch_pred,mean_ch_rew
0,0.05902105709656511,0.15790916916814499
