,mean_ch_pred,mean_ch_rew
0,-0.1220342934311532,-0.060104744502984093
