,mean_ch_pred,mean_ch_rew
0,-0.2298501881196937,0.07479144847831619
