,mean_ch_pred,mean_ch_rew
0,0.16330220511492669,0.14231685111828166
