,mean_ch_pred,mean_ch_rew
0,-0.013968404434620685,-0.0709583822635441
