,mean_ch_pred,mean_ch_rew
0,0.12480528007264936,-0.11565303382846116
