,mean_ch_pred,mean_ch_rew
0,-0.07311901936209263,-0.18727341679953113
