,mean_ch_pred,mean_ch_rew
0,-0.020829294888671728,-0.16982801275491347
