,mean_ch_pred,mean_ch_rew
0,-0.10177317649434148,0.17422117890094943
