,mean_ch_pred,mean_ch_rew
0,0.10201551289893557,-0.08624372728840214
