,mean_ch_pred,mean_ch_rew
0,0.016491320052318615,-0.1065303272350717
