,mean_ch_pred,mean_ch_rew
0,-0.009474701558078495,-0.04973418540044918
