,mean_ch_pred,mean_ch_rew
0,-0.18348817965220118,0.04140770778290089
