,mean_ch_pred,mean_ch_rew
0,0.17769667526926583,-0.07795638013406474
