,mean_ch_pred,mean_ch_rew
0,-0.032994107178222785,0.046251016391164496
