,mean_ch_pred,mean_ch_rew
0,-0.05515206192564529,0.06456445359054146
