,mean_ch_pred,mean_ch_rew
0,0.06115546897109176,0.0773452362275309
