,mean_ch_pred,mean_ch_rew
0,0.15070461140770755,0.09840391053893145
