,mean_ch_pred,mean_ch_rew
0,-0.1086153944155644,0.066032054887486
