,mean_ch_pred,mean_ch_rew
0,-0.13322957391758483,0.13962209300017303
