,mean_ch_pred,mean_ch_rew
0,-0.1596176904631393,0.022712151465903514
