,mean_ch_pred,mean_ch_rew
0,-0.053819843022118626,-0.27064367802384665
