,mean_ch_pred,mean_ch_rew
0,-0.24841358284991702,0.046926853681022916
