,mean_ch_pred,mean_ch_rew
0,0.06755901118458885,-0.05717004994224437
