,mean_ch_pred,mean_ch_rew
0,0.07518220181884816,0.17035612837644906
