,mean_ch_pred,mean_ch_rew
0,-0.0030226331152101507,-0.3277180106824054
