,mean_ch_pred,mean_ch_rew
0,-0.042404942918120914,0.25656920345348205
