,mean_ch_pred,mean_ch_rew
0,-0.2444984394582137,0.03627579395025462
