,mean_ch_pred,mean_ch_rew
0,0.09569641171985432,-0.033909685445633296
