,mean_ch_pred,mean_ch_rew
0,-0.10361156418974105,-0.055263819957569606
