,mean_ch_pred,mean_ch_rew
0,0.026532742266965028,0.0853297302981358
