,mean_ch_pred,mean_ch_rew
0,0.09816180613721699,0.20148790727623167
