,mean_ch_pred,mean_ch_rew
0,-0.19511874979951438,-0.13357307712453145
