,mean_ch_pred,mean_ch_rew
0,-0.12042695074588598,-0.3081459412730415
