,mean_ch_pred,mean_ch_rew
0,-0.09586584534699034,-0.07368538486458012
