,mean_ch_pred,mean_ch_rew
0,-0.051161039152297555,-0.19382732683039305
