,mean_ch_pred,mean_ch_rew
0,-0.11306920749627576,-0.15823938589568132
