,mean_ch_pred,mean_ch_rew
0,-0.012419906914539175,0.18251548357290695
