,mean_ch_pred,mean_ch_rew
0,0.1768788526519558,-0.13491099145537286
