,mean_ch_pred,mean_ch_rew
0,-0.10370003413751054,-0.1324554596727704
