,mean_ch_pred,mean_ch_rew
0,0.1617104667028431,0.3744758902449536
