,mean_ch_pred,mean_ch_rew
0,0.12588303433461426,0.2329656251880967
