,mean_ch_pred,mean_ch_rew
0,0.04998388894716533,0.004859639833947271
