,mean_ch_pred,mean_ch_rew
0,-0.09026756616764603,0.03733757177667344
