,mean_ch_pred,mean_ch_rew
0,0.21716397479923435,0.03805545862377893
