,mean_ch_pred,mean_ch_rew
0,0.15796702284460132,0.09363375973268373
