,mean_ch_pred,mean_ch_rew
0,0.0018944567378687271,-0.14413421587091704
