,mean_ch_pred,mean_ch_rew
0,-0.17108863913213093,0.11949954718254585
