,mean_ch_pred,mean_ch_rew
0,0.14874405932910983,0.26934648071746076
