,mean_ch_pred,mean_ch_rew
0,-0.024490484602668654,-0.059624332703591326
