,mean_ch_pred,mean_ch_rew
0,0.15431039816338724,0.2706934361133417
