,mean_ch_pred,mean_ch_rew
0,-0.055531130997405954,-0.16201258620828649
