,mean_ch_pred,mean_ch_rew
0,-0.05107197951427445,-0.0734740405952034
