,mean_ch_pred,mean_ch_rew
0,0.07484598290263884,0.2438827333165936
