,mean_ch_pred,mean_ch_rew
0,0.04284818830538806,-0.09171048861754848
