,mean_ch_pred,mean_ch_rew
0,0.011613800848621495,-0.08628976063855465
