,mean_ch_pred,mean_ch_rew
0,-0.11410650852509607,-0.015093887927530822
