,mean_ch_pred,mean_ch_rew
0,0.1824407584587305,0.009564633422116678
