,mean_ch_pred,mean_ch_rew
0,0.025264163674099213,0.032700788557963274
