,mean_ch_pred,mean_ch_rew
0,0.16978552524269339,0.1344383763864839
