,mean_ch_pred,mean_ch_rew
0,-0.028860496319022138,-0.03712534316277727
