,mean_ch_pred,mean_ch_rew
0,-0.03071058736760958,-0.006165099861695615
