,mean_ch_pred,mean_ch_rew
0,0.03011404035621489,0.16752132070811665
