,mean_ch_pred,mean_ch_rew
0,0.05705075057837372,0.14289590581918585
