,mean_ch_pred,mean_ch_rew
0,-0.07221367264024033,-0.3330450383931851
