,mean_ch_pred,mean_ch_rew
0,-0.04052116394060847,-0.1065787997669949
