,mean_ch_pred,mean_ch_rew
0,-0.03836808002697043,-0.13411408383261744
