,mean_ch_pred,mean_ch_rew
0,-0.14020111923808656,-0.11861196617209423
