,mean_ch_pred,mean_ch_rew
0,-0.09062572678733789,-0.15503237203047746
