,mean_ch_pred,mean_ch_rew
0,0.0687257538230275,0.21908559053232687
