,mean_ch_pred,mean_ch_rew
0,0.10427984178054378,-0.18987768170139316
