,mean_ch_pred,mean_ch_rew
0,-0.21150307462488796,0.09672528478340657
