,mean_ch_pred,mean_ch_rew
0,-0.009622592317652298,-0.006815430347056807
