,mean_ch_pred,mean_ch_rew
0,-0.11578816411102986,-0.005130321866091328
