,mean_ch_pred,mean_ch_rew
0,0.3800756341862115,0.08238190293793281
