,mean_ch_pred,mean_ch_rew
0,-0.0038087097663049574,-0.2248982064131226
