,mean_ch_pred,mean_ch_rew
0,0.17469236754553474,-0.005280745591637599
