,mean_ch_pred,mean_ch_rew
0,-0.21743423016591304,-0.18281121567654424
