,mean_ch_pred,mean_ch_rew
0,0.09215129688915857,0.11147811832253439
