,mean_ch_pred,mean_ch_rew
0,-0.07378178067335066,-0.06562639311661801
