,mean_ch_pred,mean_ch_rew
0,-0.0335100730055278,-0.05711613318976123
