,mean_ch_pred,mean_ch_rew
0,0.016871951411050735,0.07649470406323093
