,mean_ch_pred,mean_ch_rew
0,0.030252522928601866,0.00613492665764185
