,mean_ch_pred,mean_ch_rew
0,0.2692578379748724,0.16310681165479515
