,mean_ch_pred,mean_ch_rew
0,0.1508588176321958,-0.09035904109981856
