,mean_ch_pred,mean_ch_rew
0,-0.15893736102743874,0.0593954667341326
