,mean_ch_pred,mean_ch_rew
0,0.18819265531195264,0.06223257623833731
