,mean_ch_pred,mean_ch_rew
0,0.14719560131957413,-0.023387400159706317
