,mean_ch_pred,mean_ch_rew
0,0.19278494859324524,0.00818957678488117
