,mean_ch_pred,mean_ch_rew
0,0.2736712217603294,0.059798779821211255
