,mean_ch_pred,mean_ch_rew
0,0.06591897504118761,-0.025242885276713766
