,mean_ch_pred,mean_ch_rew
0,-0.01724731029402508,-0.2413536312386443
