,mean_ch_pred,mean_ch_rew
0,0.08169193542643256,0.07041832322475987
