,mean_ch_pred,mean_ch_rew
0,0.014528651847885654,-0.01337511602239995
