,mean_ch_pred,mean_ch_rew
0,-0.08196714217942143,0.014615643085052596
