,mean_ch_pred,mean_ch_rew
0,-0.10324383621525308,-0.16314178458939793
