,mean_ch_pred,mean_ch_rew
0,0.03473004289307879,0.20778742610084822
