,mean_ch_pred,mean_ch_rew
0,0.08529566119923149,0.06251295106106286
