,mean_ch_pred,mean_ch_rew
0,0.1732757075300069,-0.006723772184384284
