,mean_ch_pred,mean_ch_rew
0,-0.1132156837302581,-0.029879098134259513
