,mean_ch_pred,mean_ch_rew
0,0.11083328786391373,-0.042116992828867446
