,mean_ch_pred,mean_ch_rew
0,-0.032813382302365676,0.11100575726319907
