,mean_ch_pred,mean_ch_rew
0,-0.06508419090842042,0.12023535272491769
