,mean_ch_pred,mean_ch_rew
0,-0.08203476847040846,0.16674404716803737
