,mean_ch_pred,mean_ch_rew
0,0.3472126980631078,0.23310865345038034
