,mean_ch_pred,mean_ch_rew
0,0.07016268197755844,0.22218143685280714
