,mean_ch_pred,mean_ch_rew
0,-0.04607275136794836,-0.17382868423732925
