,mean_ch_pred,mean_ch_rew
0,0.18405656730169725,0.20478482706942558
