,mean_ch_pred,mean_ch_rew
0,-0.20045205867463578,-0.08482421326582361
