,mean_ch_pred,mean_ch_rew
0,-0.056233551999419845,-0.2873837422488836
