,mean_ch_pred,mean_ch_rew
0,0.18298441937017626,0.021040987394249807
