,mean_ch_pred,mean_ch_rew
0,-0.10361689500602018,-0.11916182130822577
