,mean_ch_pred,mean_ch_rew
0,0.11612575645430796,0.3292572772615444
