,mean_ch_pred,mean_ch_rew
0,-0.07299210267559485,-0.055578406355445635
