,mean_ch_pred,mean_ch_rew
0,-0.03393117292616029,-0.04181472287766922
