,mean_ch_pred,mean_ch_rew
0,-0.0029597170748964833,-0.20180559922051935
