,mean_ch_pred,mean_ch_rew
0,0.18808346713421029,-0.006095486670093829
