,mean_ch_pred,mean_ch_rew
0,-0.0901226552441476,-0.015015457784705255
