,mean_ch_pred,mean_ch_rew
0,0.045431585544660404,-0.08775168184541371
