,mean_ch_pred,mean_ch_rew
0,-0.10661884144785218,-0.26653178080257794
