,mean_ch_pred,mean_ch_rew
0,0.010052317677616473,0.0839847993700447
