,mean_ch_pred,mean_ch_rew
0,0.06724125307468559,0.10691077906206266
