,mean_ch_pred,mean_ch_rew
0,0.23818521503221568,0.03174867543183397
