,mean_ch_pred,mean_ch_rew
0,0.08783461929426756,0.047464972982318894
