,mean_ch_pred,mean_ch_rew
0,-0.05899759281669342,-0.2633694681122482
