,mean_ch_pred,mean_ch_rew
0,0.06489102897286393,0.019335689814983844
