,mean_ch_pred,mean_ch_rew
0,-0.004105464345945724,0.09947757736669098
