,mean_ch_pred,mean_ch_rew
0,0.053961271018458934,0.14472105345326633
