,mean_ch_pred,mean_ch_rew
0,-0.04004859688973031,-0.11225597385757713
