,mean_ch_pred,mean_ch_rew
0,0.13708764719222968,-0.2651169101292625
