,mean_ch_pred,mean_ch_rew
0,0.2616546717297289,0.07457395329630927
