,mean_ch_pred,mean_ch_rew
0,-0.05314426994455288,0.021473333204626317
