,mean_ch_pred,mean_ch_rew
0,0.20040777187716585,-0.038165139772620725
