,mean_ch_pred,mean_ch_rew
0,-0.051685338828463136,0.01361122871966563
