,mean_ch_pred,mean_ch_rew
0,-0.24794958540190382,-0.08781483942621743
