,mean_ch_pred,mean_ch_rew
0,0.19372511637808057,-0.1494371255683743
