,mean_ch_pred,mean_ch_rew
0,-0.17382878744266214,-0.058601498929439645
