,mean_ch_pred,mean_ch_rew
0,0.043833531456344756,-0.05552516702390912
