,mean_ch_pred,mean_ch_rew
0,0.1978845589207653,-0.1018533093277479
