,mean_ch_pred,mean_ch_rew
0,0.2031675877068774,-0.01018508476815833
