,mean_ch_pred,mean_ch_rew
0,-0.1162626578396938,0.04100805762223611
