,mean_ch_pred,mean_ch_rew
0,0.006995571413399774,-0.010655943798618811
