,mean_ch_pred,mean_ch_rew
0,0.19631108384674026,0.14590057889134037
