,mean_ch_pred,mean_ch_rew
0,0.27800922835483083,0.16612704892512412
