,mean_ch_pred,mean_ch_rew
0,0.08835806927630004,0.1548272884033313
