,mean_ch_pred,mean_ch_rew
0,-0.046690312547686665,0.08013118264122145
