,mean_ch_pred,mean_ch_rew
0,-0.09211584059634396,0.18011625632624714
