,mean_ch_pred,mean_ch_rew
0,0.0493338074398626,-0.15691304694761873
