,mean_ch_pred,mean_ch_rew
0,0.0326282227078441,-0.2747743665019076
