,mean_ch_pred,mean_ch_rew
0,0.06505354511012279,-0.07814668957959293
