,mean_ch_pred,mean_ch_rew
0,0.0224740986304242,-0.20754673499946089
