,mean_ch_pred,mean_ch_rew
0,-0.15886859685904495,0.21131915972387297
