,mean_ch_pred,mean_ch_rew
0,0.03193361183410664,0.010976921997418643
