,mean_ch_pred,mean_ch_rew
0,-0.007644159476876043,0.02962521957723584
