,mean_ch_pred,mean_ch_rew
0,-0.05232362062114754,-0.08417214861667745
