,mean_ch_pred,mean_ch_rew
0,-0.05335413792535318,-0.18060644227029943
