,mean_ch_pred,mean_ch_rew
0,-0.0020738309629625765,0.08174853601568624
