,mean_ch_pred,mean_ch_rew
0,-0.08888511280151791,-0.3602301741246791
