,mean_ch_pred,mean_ch_rew
0,-0.1655654851671356,0.061539852492447644
