,mean_ch_pred,mean_ch_rew
0,0.046509730879325084,-0.21639838741487297
