,mean_ch_pred,mean_ch_rew
0,-0.16873740980331633,0.0206648448163565
