,mean_ch_pred,mean_ch_rew
0,0.2100847093395831,0.2343520600353468
