,mean_ch_pred,mean_ch_rew
0,0.004520900981806485,0.04328011145102469
