,mean_ch_pred,mean_ch_rew
0,-0.018546322019243656,0.10808680158601229
