,mean_ch_pred,mean_ch_rew
0,0.0479320527661817,0.009444779979539216
