,mean_ch_pred,mean_ch_rew
0,-0.16800675232011544,-0.3095632957619125
