,mean_ch_pred,mean_ch_rew
0,0.12280810435261985,-0.13550373870198415
