,mean_ch_pred,mean_ch_rew
0,-0.11613355140492541,-0.01272127603293205
