,mean_ch_pred,mean_ch_rew
0,-0.07054651837096333,-0.06961722367753849
