,mean_ch_pred,mean_ch_rew
0,0.18042383015771177,-0.028545391186131124
