,mean_ch_pred,mean_ch_rew
0,0.010353988328829425,-0.0639515127304653
