,mean_ch_pred,mean_ch_rew
0,0.01089465642035821,-0.015984482053356057
