,mean_ch_pred,mean_ch_rew
0,0.040616788154622274,0.10858920946547597
