,mean_ch_pred,mean_ch_rew
0,0.06421211634737367,-0.04481597816238198
