,mean_ch_pred,mean_ch_rew
0,0.17217005433063348,0.04952431154297671
