,mean_ch_pred,mean_ch_rew
0,-0.05478783171999272,0.0019189866937162903
