,mean_ch_pred,mean_ch_rew
0,-0.0050096176474488385,0.12023184204742304
