,mean_ch_pred,mean_ch_rew
0,0.11177204352412003,0.16144095933006725
