,mean_ch_pred,mean_ch_rew
0,-0.10488081366984836,-0.2045207079095447
