,mean_ch_pred,mean_ch_rew
0,0.014603503691032518,0.1935752323087695
