,mean_ch_pred,mean_ch_rew
0,0.3159755920940333,0.05469346121015969
