,mean_ch_pred,mean_ch_rew
0,0.08001622067875498,0.1673125080132761
