,mean_ch_pred,mean_ch_rew
0,0.19093460460518483,0.11157217595501696
