,mean_ch_pred,mean_ch_rew
0,0.12208089042546084,-0.07954645915315645
