,mean_ch_pred,mean_ch_rew
0,-0.11996490323691993,-0.08442760989906778
