,mean_ch_pred,mean_ch_rew
0,-0.06788635205107968,-0.1713180837509322
