,mean_ch_pred,mean_ch_rew
0,-0.15408024666926304,-0.12638737590591448
