,mean_diff,log_mean_diff,t_difference
0,-0.04911566050990712,,-0.8919302297265919
