,mean_diff,log_mean_diff,t_difference
0,0.12064850629002705,,2.1120650117586175
