,mean_diff,log_mean_diff,t_difference
0,-0.09409780626322506,,-1.6543753228791627
