,mean_diff,log_mean_diff,t_difference
0,0.1866003240190639,,3.6804659605958747
