,mean_diff,log_mean_diff,t_difference
0,0.004976832765922312,,0.08474567152415009
