,mean_diff,log_mean_diff,t_difference
0,0.10314154208567061,,1.7493998822621244
