,mean_diff,log_mean_diff,t_difference
0,0.07590506361367477,,1.4952264714931869
