,mean_diff,log_mean_diff,t_difference
0,0.0799685250060218,,1.353711070282949
