,mean_diff,log_mean_diff,t_difference
0,-0.09202964483341902,,-1.5708996592682059
