,mean_diff,log_mean_diff,t_difference
0,0.07900294100714889,,1.412542673018393
