,mean_diff,log_mean_diff,t_difference
0,0.1621813902512662,,2.7734483902936433
