,mean_diff,log_mean_diff,t_difference
0,-0.11984574741406229,,-1.901153613104704
