,mean_diff,log_mean_diff,t_difference
0,0.07084277869968447,,1.2244988634280125
