,mean_diff,log_mean_diff,t_difference
0,0.0482595446818197,,0.740418423609849
