,mean_diff,log_mean_diff,t_difference
0,0.1565644279942443,,2.8901523491260788
