,mean_diff,log_mean_diff,t_difference
0,-0.09806725775746217,,-1.7133875388253132
