,mean_diff,log_mean_diff,t_difference
0,0.006360584714990569,,0.10806081402261859
