,mean_diff,log_mean_diff,t_difference
0,0.025289271887997122,,0.46144863538989966
