,mean_diff,log_mean_diff,t_difference
0,0.09794322281688217,,1.7065740246701702
