,mean_diff,log_mean_diff,t_difference
0,0.047971591445952144,,0.8757932833664511
