,mean_diff,log_mean_diff,t_difference
0,0.027733481062609977,,0.5041643838449613
