,mean_diff,log_mean_diff,t_difference
0,-0.03879511650931655,,-0.7697729691660667
