,mean_diff,log_mean_diff,t_difference
0,0.08500040971033807,,1.516907605758796
