,mean_diff,log_mean_diff,t_difference
0,0.086458792735019,,1.284779554676203
