,mean_diff,log_mean_diff,t_difference
0,-0.018701572824316504,,-0.29326762735866624
