,mean_diff,log_mean_diff,t_difference
0,0.12884981505390558,,2.3254862330080015
