,mean_diff,log_mean_diff,t_difference
0,0.06153234020091891,,1.036753085420936
