,mean_diff,log_mean_diff,t_difference
0,-0.035535780933802275,,-0.6137140233241603
