,mean_diff,log_mean_diff,t_difference
0,0.01541829440758774,,0.24332002794499222
