,mean_diff,log_mean_diff,t_difference
0,0.1235475287766189,,2.455243957269001
