,mean_diff,log_mean_diff,t_difference
0,-0.09780172266826248,,-1.6803046226035303
