,mean_diff,log_mean_diff,t_difference
0,0.10112957584648463,,1.8252940769070878
