,mean_diff,log_mean_diff,t_difference
0,-0.042792196045299435,,-0.7904614856022633
