,mean_diff,log_mean_diff,t_difference
0,-0.01685267776541377,-0.04789813821222022,-0.3591211658400961
