,mean_diff,log_mean_diff,t_difference
0,0.007414720437725508,,0.12453881470658243
