,mean_diff,log_mean_diff,t_difference
0,0.11564590111990647,,2.3358040321731584
