,mean_diff,log_mean_diff,t_difference
0,0.05764613655434153,,1.025635891699607
