,mean_diff,log_mean_diff,t_difference
0,0.06627515817066143,,1.1064016388242413
