,mean_diff,log_mean_diff,t_difference
0,0.012472127132901023,,0.21477393992352162
