,mean_diff,log_mean_diff,t_difference
0,0.09326414988918869,,1.4536798569090252
