,mean_diff,log_mean_diff,t_difference
0,0.11194975919661726,,1.8168979269588565
