,mean_diff,log_mean_diff,t_difference
0,-0.06806913963245442,,-1.1921113323185923
