,mean_diff,log_mean_diff,t_difference
0,-0.15498880408547444,,-2.397700792749893
