,mean_diff,log_mean_diff,t_difference
0,0.09669407975625,,1.596385344313551
