,mean_diff,log_mean_diff,t_difference
0,0.025509628584027055,,0.49978190443517395
