,mean_diff,log_mean_diff,t_difference
0,-0.03949163517003329,,-0.6786933186279724
