,mean_diff,log_mean_diff,t_difference
0,0.03045514645161318,,0.5274583635785522
