,mean_diff,log_mean_diff,t_difference
0,0.14587501775115852,,2.694519747455152
