,mean_diff,log_mean_diff,t_difference
0,-0.07667078737521371,,-1.3353200762388344
