,mean_diff,log_mean_diff,t_difference
0,0.1217988107550182,,2.1548548729137105
