,mean_diff,log_mean_diff,t_difference
0,0.05803682922204639,,0.9650576860893699
