,mean_diff,log_mean_diff,t_difference
0,-0.1063871800848113,,-1.9570923686455513
