,mean_diff,log_mean_diff,t_difference
0,0.138744665682753,,2.3363667048633916
