,mean_diff,log_mean_diff,t_difference
0,-0.053514539300317354,,-0.9219737776748568
