,mean_diff,log_mean_diff,t_difference
0,0.17745628425489052,,2.933114145337092
