,mean_diff,log_mean_diff,t_difference
0,-0.09702548807004496,,-1.7243300347289485
