,mean_diff,log_mean_diff,t_difference
0,0.0903241485648727,,1.8365307467972687
