,mean_diff,log_mean_diff,t_difference
0,0.24039212145138278,,4.584024184707514
