,mean_diff,log_mean_diff,t_difference
0,-0.12280689107738108,,-2.0397112962515966
