,mean_diff,log_mean_diff,t_difference
0,0.10531588070102443,,1.8335006272639565
