,mean_diff,log_mean_diff,t_difference
0,0.0791887122996433,,1.4629602951555432
