,mean_diff,log_mean_diff,t_difference
0,-0.05870886310730161,,-0.9489372433299348
