,mean_diff,log_mean_diff,t_difference
0,0.079511928795864,,1.301326269264282
