,mean_diff,log_mean_diff,t_difference
0,0.08710080626981331,,1.3935209587301245
