,mean_diff,log_mean_diff,t_difference
0,-0.027945443757799393,,-0.4292936500237693
