,mean_diff,log_mean_diff,t_difference
0,0.12845949452489425,0.17653486948926364,2.356889962006777
