,mean_diff,log_mean_diff,t_difference
0,-0.15468895413293304,,-2.589976311196076
