,mean_diff,log_mean_diff,t_difference
0,-0.21084600960960886,,-3.560981967568503
