,mean_diff,log_mean_diff,t_difference
0,0.10769772794636517,,1.9142821862974138
