,mean_diff,log_mean_diff,t_difference
0,-0.23676471370713137,,-4.277867295152429
