,mean_diff,log_mean_diff,t_difference
0,-0.04869305504984156,,-0.8668351086397673
