,mean_diff,log_mean_diff,t_difference
0,0.12620883896112034,,2.0982545085227238
