,mean_diff,log_mean_diff,t_difference
0,-0.2084202905579659,,-3.502873191245752
