,mean_diff,log_mean_diff,t_difference
0,0.0453069158661884,,0.8104517311264998
