,mean_diff,log_mean_diff,t_difference
0,0.10002020524315641,,1.8303985093374617
