,mean_diff,log_mean_diff,t_difference
0,-0.07474241811246135,,-1.1993949057345723
