,mean_diff,log_mean_diff,t_difference
0,-0.054950885735260246,,-0.9785709759377075
