,mean_diff,log_mean_diff,t_difference
0,0.12570893717910497,,2.1236814292168034
