,mean_diff,log_mean_diff,t_difference
0,-0.10171534827771272,,-1.7864098817087917
