,mean_diff,log_mean_diff,t_difference
0,-0.015375598396329071,,-0.27792100485291027
