,mean_diff,log_mean_diff,t_difference
0,0.1387591316831247,,2.684619470607324
