,mean_diff,log_mean_diff,t_difference
0,-0.05511396292831827,,-0.9802192139312
