,mean_diff,log_mean_diff,t_difference
0,-0.036134376332996654,,-0.6220625540101632
