,mean_diff,log_mean_diff,t_difference
0,-0.035945495808456185,,-0.6556291855168787
