,mean_diff,log_mean_diff,t_difference
0,0.06897537655785746,,1.168025486681716
