,mean_diff,log_mean_diff,t_difference
0,0.013083403622287104,,0.22527436840453186
