,mean_diff,log_mean_diff,t_difference
0,0.2420499211423257,,3.838861581746007
