,mean_diff,log_mean_diff,t_difference
0,-0.026124450253336873,,-0.439169478704769
