,mean_diff,log_mean_diff,t_difference
0,-5.741300798889348e-05,,-0.0010463663454736887
