,mean_diff,log_mean_diff,t_difference
0,-0.17226731190193867,,-2.856159976741051
