,mean_diff,log_mean_diff,t_difference
0,-0.055502554131763526,,-0.9948683040516345
