,mean_diff,log_mean_diff,t_difference
0,-0.006911740342315564,,-0.11047294457232207
