,mean_diff,log_mean_diff,t_difference
0,-0.07552237638599235,,-1.3073831835036875
