,mean_diff,log_mean_diff,t_difference
0,0.060098669469609844,,1.0274877324426428
