,mean_diff,log_mean_diff,t_difference
0,0.2153255154692642,,3.64599322592509
