,mean_diff,log_mean_diff,t_difference
0,-0.12077574203005159,,-2.017854865600158
