,mean_diff,log_mean_diff,t_difference
0,-0.1430783412603136,,-2.430348408052395
