,mean_diff,log_mean_diff,t_difference
0,0.00539621014989855,,0.10372846225799537
