,mean_diff,log_mean_diff,t_difference
0,0.24049525764257146,,4.191085687283429
