,mean_diff,log_mean_diff,t_difference
0,0.030960570162907097,,0.5183112427249656
