,mean_diff,log_mean_diff,t_difference
0,-0.04892916129199265,,-0.8587957099709529
