,mean_diff,log_mean_diff,t_difference
0,0.08262650470871535,,1.3851390885209223
