,mean_diff,log_mean_diff,t_difference
0,0.2434838965025234,,3.7604731460252876
