,mean_diff,log_mean_diff,t_difference
0,0.07335765086471258,,1.2713338107532095
