,mean_diff,log_mean_diff,t_difference
0,0.04427833196290265,,0.7616090990299103
