,mean_diff,log_mean_diff,t_difference
0,0.18655867486990446,,3.166146695359192
