,mean_diff,log_mean_diff,t_difference
0,-0.08377744216638416,,-1.4895073225887667
