,mean_diff,log_mean_diff,t_difference
0,0.032849084783586946,,0.5659592520214209
