,mean_diff,log_mean_diff,t_difference
0,-0.04281087414397022,,-0.7696639624103271
