,mean_diff,log_mean_diff,t_difference
0,0.007325180330539194,,0.13454282029688389
