,mean_diff,log_mean_diff,t_difference
0,-0.07732322850574613,,-1.2659881708695568
