,mean_diff,log_mean_diff,t_difference
0,0.097587226204358,,1.7334398726743028
