,mean_diff,log_mean_diff,t_difference
0,0.1612288331567459,,3.1844779291475347
