,mean_diff,log_mean_diff,t_difference
0,0.11713155256078955,,1.8225646440823333
