,mean_diff,log_mean_diff,t_difference
0,0.060658570307860926,,1.08947455045499
