,mean_diff,log_mean_diff,t_difference
0,-0.00016061233015940424,,-0.002557450120896778
