,mean_diff,log_mean_diff,t_difference
0,0.12646376475601367,,2.1125616395325677
