,mean_diff,log_mean_diff,t_difference
0,-0.04319379277148849,,-0.7294071022938869
