,mean_diff,log_mean_diff,t_difference
0,0.0013407946202333987,,0.02355282962470499
