,mean_diff,log_mean_diff,t_difference
0,0.24002862545874726,,4.115348759303334
