,mean_diff,log_mean_diff,t_difference
0,0.03330122692210463,,0.5511212400752925
