,mean_diff,log_mean_diff,t_difference
0,-0.032133738999424954,,-0.5436615201188307
