,mean_diff,log_mean_diff,t_difference
0,0.06461862746604446,,1.310422081480078
