,mean_diff,log_mean_diff,t_difference
0,-0.11051463561754549,,-1.9326968857379805
