,mean_diff,log_mean_diff,t_difference
0,-0.1663719475012001,,-2.8560034207543885
