,mean_diff,log_mean_diff,t_difference
0,-0.027801817311769228,,-0.4631293169181065
