,mean_diff,log_mean_diff,t_difference
0,0.004223902109617872,,0.07353739537529316
