,mean_diff,log_mean_diff,t_difference
0,-0.01505963574349245,,-0.2589727512081606
