,mean_diff,log_mean_diff,t_difference
0,0.0830039406200439,,1.489296118739196
