,mean_diff,log_mean_diff,t_difference
0,0.00898021975424046,,0.16312002019165237
