,mean_diff,log_mean_diff,t_difference
0,0.1526016763604216,,2.6186083905486273
