,mean_diff,log_mean_diff,t_difference
0,0.14520567051073052,,2.412402292173257
