,mean_diff,log_mean_diff,t_difference
0,0.04363963758949785,,0.763815784936928
