,mean_diff,log_mean_diff,t_difference
0,0.18456735577731503,,3.026899927954449
