,mean_diff,log_mean_diff,t_difference
0,0.004139985474501895,,0.06920262499716573
