,mean_diff,log_mean_diff,t_difference
0,-0.0030652963005680656,,-0.057941060065657676
