,mean_diff,log_mean_diff,t_difference
0,-0.251482130032241,,-4.240428751603775
