,mean_diff,log_mean_diff,t_difference
0,-0.09817977041502274,,-1.6307970194058752
