,mean_diff,log_mean_diff,t_difference
0,-0.04144015985506577,,-0.750691216808465
