,mean_diff,log_mean_diff,t_difference
0,-0.07454954616318188,,-1.2008602207803436
