,mean_diff,log_mean_diff,t_difference
0,0.08665695339318047,,1.3754454641078406
