,mean_diff,log_mean_diff,t_difference
0,0.02577107986166205,,0.42158892231346395
