,mean_diff,log_mean_diff,t_difference
0,0.034873730421749904,,0.5753913262059437
