,mean_diff,log_mean_diff,t_difference
0,0.06459076147848997,,1.040173952783929
