,mean_diff,log_mean_diff,t_difference
0,-0.07514492925386451,,-1.300047833911998
