,mean_diff,log_mean_diff,t_difference
0,0.05853493203462079,,0.8771657673386596
