,mean_diff,log_mean_diff,t_difference
0,0.08624165518260618,,1.5810121617730868
