,mean_diff,log_mean_diff,t_difference
0,-0.16448599953382448,,-2.686035115450948
