,mean_diff,log_mean_diff,t_difference
0,-0.006202751498380843,,-0.11569021357161857
