,mean_diff,log_mean_diff,t_difference
0,0.09983167989875197,,1.7005176551877161
