,mean_diff,log_mean_diff,t_difference
0,0.15914119371976942,,2.6665068350143355
