,mean_diff,log_mean_diff,t_difference
0,-5.071082690122353e-05,,-0.0008472999531572463
