,mean_diff,log_mean_diff,t_difference
0,0.03853206527974218,,0.63786431673626
