,mean_diff,log_mean_diff,t_difference
0,0.2026953769642677,,3.3954118349656315
