,mean_diff,log_mean_diff,t_difference
0,0.08359487579123781,,1.3016125294661272
