,mean_diff,log_mean_diff,t_difference
0,-0.0727167241341139,,-1.2266195611283224
