,mean_diff,log_mean_diff,t_difference
0,0.1326565063175681,,2.37451756335838
