,mean_diff,log_mean_diff,t_difference
0,0.009422331392524241,,0.1681850673592569
