,mean_diff,log_mean_diff,t_difference
0,-0.021987738360057296,,-0.39614919715870994
