,mean_diff,log_mean_diff,t_difference
0,0.10814111985849578,,1.9315262802856323
