,mean_diff,log_mean_diff,t_difference
0,-0.0755385080665153,,-1.2335160660231814
