,mean_diff,log_mean_diff,t_difference
0,0.35031333625577254,,5.667685390281369
