,mean_diff,log_mean_diff,t_difference
0,-0.001749035211840333,,-0.029945948772736156
