,mean_diff,log_mean_diff,t_difference
0,0.00029426717919234235,,0.005039062352073681
