,mean_diff,log_mean_diff,t_difference
0,0.021203819861489115,,0.33313659876732865
