,mean_diff,log_mean_diff,t_difference
0,-0.16881758632950317,,-2.746422013546667
