,mean_diff,log_mean_diff,t_difference
0,0.13818248822760748,,2.5153019757838853
