,mean_diff,log_mean_diff,t_difference
0,-0.009979952481621202,,-0.17450104052769275
