,mean_diff,log_mean_diff,t_difference
0,0.07382329596966286,,1.3347684681461351
