,mean_diff,log_mean_diff,t_difference
0,0.06312909245634213,,1.0605518574646335
