,mean_diff,log_mean_diff,t_difference
0,0.08942613041869119,,1.4408922738985863
