,mean_diff,log_mean_diff,t_difference
0,-0.0227323044513163,,-0.3916725043958004
