,mean_diff,log_mean_diff,t_difference
0,0.06990030437148326,,1.1426401366093228
