,mean_diff,log_mean_diff,t_difference
0,-0.046021037468040316,,-0.833186749490419
