,mean_diff,log_mean_diff,t_difference
0,-0.01964314156972624,,-0.3578103595242138
