,mean_diff,log_mean_diff,t_difference
0,0.09488025713066761,,1.638915363704481
