,mean_diff,log_mean_diff,t_difference
0,0.06978180615077034,,1.2636591904232095
