,mean_diff,log_mean_diff,t_difference
0,0.1479041412924934,,2.6968932905812344
