,mean_diff,log_mean_diff,t_difference
0,0.052493202372480896,,0.8895292261063816
