,mean_diff,log_mean_diff,t_difference
0,-0.08572823691714859,,-1.6358380097103264
