,mean_diff,log_mean_diff,t_difference
0,0.08109933304007944,,1.7454460836466363
