,mean_diff,log_mean_diff,t_difference
0,-0.08643986907117618,,-1.5489679944292551
