,mean_diff,log_mean_diff,t_difference
0,0.14252308626071053,,2.612827744579176
