,mean_diff,log_mean_diff,t_difference
0,0.11323207562820248,,1.98345214340034
