,mean_diff,log_mean_diff,t_difference
0,-0.03918390575926389,,-0.717006052825639
