,mean_diff,log_mean_diff,t_difference
0,-0.04616363763299597,,-0.8825859775672271
