,mean_diff,log_mean_diff,t_difference
0,-0.03732815356214858,,-0.6023551796431129
