,mean_diff,log_mean_diff,t_difference
0,-0.08685515325229709,,-1.6171889382626257
