,mean_diff,log_mean_diff,t_difference
0,0.05183196888339925,,0.872088009138965
