,mean_diff,log_mean_diff,t_difference
0,0.10577257888609459,,1.9883817055759516
