,mean_diff,log_mean_diff,t_difference
0,0.14087286979436842,,2.124289304273824
