,mean_diff,log_mean_diff,t_difference
0,-0.013775831798582994,,-0.21626661833462693
