,mean_diff,log_mean_diff,t_difference
0,0.09017802802016162,,1.538952197836554
