,median_diff,mean_diff,t_difference
0,0.09628826879212593,0.14831526278279772,1.7165336179468202
