,mean_diff,log_mean_diff,t_difference
0,0.14102778310161396,,2.6763144287343845
