,mean_diff,log_mean_diff,t_difference
0,0.11482683292675044,,2.0568535537061035
