,mean_diff,log_mean_diff,t_difference
0,0.1460547396131176,,2.5262496105971257
