,median_diff,mean_diff,t_difference
0,-0.05280627010653083,-0.07011140751051648,-0.9838835227317183
