,mean_diff,log_mean_diff,t_difference
0,0.042884787846222294,,0.7290049489540747
