,median_diff,mean_diff,t_difference
0,-0.0063345635173974735,0.03027974361626906,-0.10847348054726969
