,mean_diff,log_mean_diff,t_difference
0,-0.02389121201069866,,-0.4303720408082711
