,mean_diff,log_mean_diff,t_difference
0,0.07635843877319681,,1.3157179026644163
