,median_diff,mean_diff,t_difference
0,0.03319375564491889,0.00020473263142106735,0.538600185492904
