,mean_diff,log_mean_diff,t_difference
0,0.19223698690239,,3.4128727546160014
