,mean_diff,log_mean_diff,t_difference
0,-0.0556386735366462,,-1.0107087265340056
