,median_diff,mean_diff,t_difference
0,0.0030961309065778986,0.00926234378931623,0.04997116900261596
