,median_diff,mean_diff,t_difference
0,0.032737826318176344,0.03996000019978074,0.559467548509827
