,median_diff,mean_diff,t_difference
0,-0.12403992297246635,-0.10040905419121049,-2.195276426376612
