,mean_diff,log_mean_diff,t_difference
0,0.026066105072612533,,0.44067892581087736
