,mean_diff,log_mean_diff,t_difference
0,0.05665718627418148,,0.9000764697306964
