,median_diff,mean_diff,t_difference
0,-0.17606101169293187,-0.16024573197085362,-3.1409164027619005
