,median_diff,mean_diff,t_difference
0,0.11054553862267624,0.1346927242358899,1.91123276580781
