,median_diff,mean_diff,t_difference
0,-0.0807024706902989,-0.07676438184314571,-1.3899962271921027
