,median_diff,mean_diff,t_difference
0,-0.0406489049558596,-0.04119347016117991,-0.7311372298593902
