,median_diff,mean_diff,t_difference
0,-0.01092734535947204,0.016874325841650273,-0.17726739603783356
