,median_diff,mean_diff,t_difference
0,-0.006595950283472707,-0.043450315683024265,-0.10907938048181419
