,mean_diff,log_mean_diff,t_difference
0,-0.12463380018892728,,-2.1478909372393815
