,median_diff,mean_diff,t_difference
0,-0.05740489520408221,-0.008306459147466305,-0.9995086183894698
