,median_diff,mean_diff,t_difference
0,-0.03193390066955282,-0.006832382653075175,-0.5482314624129473
