,median_diff,mean_diff,t_difference
0,-0.07129692332253645,-0.06170823318590979,-1.2680884133767185
