,median_diff,mean_diff,t_difference
0,0.1315808139336559,0.1833380213132364,2.2409235391669355
