,median_diff,mean_diff,t_difference
0,0.06970949981961261,0.09256975160716086,1.3055546158587872
