,median_diff,mean_diff,t_difference
0,0.11051303558203607,0.10454104486859506,1.9564242365491042
