,mean_diff,log_mean_diff,t_difference
0,-0.07514356538023759,,-1.4304611786359407
