,median_diff,mean_diff,t_difference
0,0.023814853718243767,0.017276855741292896,0.3780645971982897
