,mean_diff,log_mean_diff,t_difference
0,0.12294479592241303,,2.5080104659995826
