,median_diff,mean_diff,t_difference
0,0.004560806605412582,0.00957918027334892,0.08545981586121155
