,mean_diff,log_mean_diff,t_difference
0,0.28028681987118764,,5.020977352777054
