,median_diff,mean_diff,t_difference
0,-0.08530926612340772,-0.05606695620035518,-1.435553946025721
