,median_diff,mean_diff,t_difference
0,-0.15690971512435714,-0.11804618933394062,-2.4824846284617252
