,mean_diff,log_mean_diff,t_difference
0,0.08480336139848688,,1.4772226619786544
