,mean_diff,log_mean_diff,t_difference
0,0.00876324896617775,,0.14939540199962703
