,mean_diff,log_mean_diff,t_difference
0,-0.03318156780599957,,-0.6052690882046292
