,mean_diff,log_mean_diff,t_difference
0,-0.19032976328028683,,-3.130904635560286
