,median_diff,mean_diff,t_difference
0,0.1262498936716837,0.12050267246106527,1.992643204131936
