,median_diff,mean_diff,t_difference
0,0.06275873127586007,0.004033284691082439,0.9925892987957784
