,median_diff,mean_diff,t_difference
0,0.0052983665247576806,-0.008299396822580185,0.09401000826341269
