,mean_diff,log_mean_diff,t_difference
0,0.0024428727055377797,,0.036471336662358064
