,median_diff,mean_diff,t_difference
0,0.0415029320957262,0.07869827013473718,0.7221350930446353
