,median_diff,mean_diff,t_difference
0,-0.20717606759037338,-0.15738160418109742,-3.0376437896270287
