,mean_diff,log_mean_diff,t_difference
0,-0.06373724296657002,,-1.082812129621168
