,mean_diff,log_mean_diff,t_difference
0,0.07253021592523767,,1.297299604486935
