,median_diff,mean_diff,t_difference
0,-0.10931681825035455,-0.0488223860459745,-1.83994612000186
