,mean_diff,log_mean_diff,t_difference
0,0.059794967765304574,,1.0612678817853958
