,mean_diff,log_mean_diff,t_difference
0,0.08799646085309565,,1.6253908000290693
