,mean_diff,log_mean_diff,t_difference
0,0.010435061423997749,,0.18155791999925905
