,median_diff,mean_diff,t_difference
0,0.08213150589683882,0.07412978172313128,1.5684741903987571
