,mean_diff,log_mean_diff,t_difference
0,-0.025566892393810048,,-0.425193623654141
