,mean_diff,log_mean_diff,t_difference
0,0.1233489219322057,,2.169501215596906
