,mean_diff,log_mean_diff,t_difference
0,-0.04001757805220907,,-0.6020516247961529
