,mean_diff,log_mean_diff,t_difference
0,-0.11135285197691214,,-1.8919651811710219
