,median_diff,mean_diff,t_difference
0,-0.027522547481521387,-0.019169136051668034,-0.4993771304099411
