,mean_diff,log_mean_diff,t_difference
0,-0.00725904453223003,,-0.11917938821746613
