,mean_diff,log_mean_diff,t_difference
0,0.10522908532555408,,1.7039055257184472
