,mean_diff,log_mean_diff,t_difference
0,0.19065163730527246,,2.9771637860876132
