,mean_diff,log_mean_diff,t_difference
0,-0.036762646222538664,,-0.5906396337652905
