,median_diff,mean_diff,t_difference
0,-0.08036194164340771,-0.04901036592810426,-1.3605097821385792
