,mean_diff,log_mean_diff,t_difference
0,0.044674709187329964,,0.7856647164847521
