,mean_diff,log_mean_diff,t_difference
0,0.030887252470885418,,0.49559534504257413
