,mean_diff,log_mean_diff,t_difference
0,0.04250066690560356,,0.7089141311344683
