,median_diff,mean_diff,t_difference
0,0.1793962768164562,0.17898540086640619,3.1023017738289376
