,median_diff,mean_diff,t_difference
0,-0.058305372230292585,-0.06976785236028293,-0.9307221525332237
