,median_diff,mean_diff,t_difference
0,0.15959875742973795,0.13287511076821268,2.58912609506718
