,mean_diff,log_mean_diff,t_difference
0,-0.0401762645237681,,-0.6517280957142179
