,median_diff,mean_diff,t_difference
0,-0.12048673897959639,-0.12993569516329995,-2.1000473128143575
