,median_diff,mean_diff,t_difference
0,-0.16342132427424605,-0.17386482955835147,-2.405330599177303
