,mean_diff,log_mean_diff,t_difference
0,-0.004945118930361647,,-0.07798197963697932
