,mean_diff,log_mean_diff,t_difference
0,0.2502938650078429,,4.5142351561419245
