,median_diff,mean_diff,t_difference
0,-0.05341396071352211,-0.03064996112551277,-0.9379465985601586
