,median_diff,mean_diff,t_difference
0,0.1505949326342632,0.1449477949888784,2.5655750105972177
