,mean_diff,log_mean_diff,t_difference
0,0.10525061597075913,,1.7285692707520786
