,median_diff,mean_diff,t_difference
0,-0.050956894869424785,-0.00901646150908919,-0.9304383677035716
