,median_diff,mean_diff,t_difference
0,0.057780712353109054,0.0516845764108847,0.8956954498516053
