,mean_diff,log_mean_diff,t_difference
0,0.08498975179706625,,1.4314011930111434
