,mean_diff,log_mean_diff,t_difference
0,-0.09921149200606794,,-1.6770220496766985
