,mean_diff,log_mean_diff,t_difference
0,-0.018868284200764807,,-0.3370255207372447
