,median_diff,mean_diff,t_difference
0,-0.1130896418666738,-0.052849890291827684,-1.8203433692162052
