,mean_diff,log_mean_diff,t_difference
0,0.03300490202322015,,0.5212918392467066
