,mean_diff,log_mean_diff,t_difference
0,0.051957681953494705,,0.9772244137689704
