,mean_diff,log_mean_diff,t_difference
0,-0.03907014470742953,,-0.6722382845930182
