,median_diff,mean_diff,t_difference
0,0.08320843087863616,0.06746401401035007,1.416588125857008
