,median_diff,mean_diff,t_difference
0,0.01032733558154919,0.02362153573133352,0.15570065649865245
