,median_diff,mean_diff,t_difference
0,-0.17807614866872934,-0.16978340226986233,-3.132797917085882
