,mean_diff,log_mean_diff,t_difference
0,-0.013753800706871933,,-0.2278818412452073
