,mean_diff,log_mean_diff,t_difference
0,0.07567147081362335,,1.2199412185657375
