,mean_diff,log_mean_diff,t_difference
0,-0.11991515765761873,,-1.9771232500096176
