,median_diff,mean_diff,t_difference
0,0.10205524042838232,0.15943853329378188,1.7420485865322175
