,mean_diff,log_mean_diff,t_difference
0,-0.030963508619527125,,-0.5182070715013875
