,median_diff,mean_diff,t_difference
0,0.059009519073795036,0.09297552520649743,1.0349370275382377
