,mean_diff,log_mean_diff,t_difference
0,-0.0030950984122787295,,-0.056275699968049604
