,median_diff,mean_diff,t_difference
0,0.21540961898838074,0.23511017833009024,3.73540430510437
