,mean_diff,log_mean_diff,t_difference
0,0.10635898615178518,,1.765074215879598
