,mean_diff,log_mean_diff,t_difference
0,0.007511916700236987,,0.13686994082298182
