,mean_diff,log_mean_diff,t_difference
0,0.07966192722471532,,1.4797073194076031
