,mean_diff,log_mean_diff,t_difference
0,-0.1758658344011388,,-2.801833378212777
