,median_diff,mean_diff,t_difference
0,0.02451275185988766,0.03232692316962271,0.4389629296632342
