,mean_diff,log_mean_diff,t_difference
0,0.04680483971842575,,0.8179993470430755
