,median_diff,mean_diff,t_difference
0,-0.18858507704070238,-0.1909240591963426,-3.6524454151923655
