,mean_diff,log_mean_diff,t_difference
0,-0.008179912497462416,,-0.14327762529028845
