,mean_diff,log_mean_diff,t_difference
0,0.25715896909435176,,4.40994228550749
