,median_diff,mean_diff,t_difference
0,0.03174855004007493,0.028577304871528653,0.540163671975499
