,mean_diff,log_mean_diff,t_difference
0,-0.0181201711775294,,-0.2804084092519397
