,mean_diff,log_mean_diff,t_difference
0,-0.1468647874433403,,-2.6855615976272302
