,mean_diff,log_mean_diff,t_difference
0,0.04751048123848178,,0.8912616858873621
