,mean_diff,log_mean_diff,t_difference
0,0.19346021615188602,,3.4026540770602316
