,mean_diff,log_mean_diff,t_difference
0,-0.05949548178898434,,-1.0946058895890036
