,mean_diff,log_mean_diff,t_difference
0,0.11450208480230706,,2.089329413829734
