,median_diff,mean_diff,t_difference
0,0.12178355820874376,0.10545367288023377,2.152097753565778
