,mean_diff,log_mean_diff,t_difference
0,0.11806036727399183,,1.8779545293983597
