,median_diff,mean_diff,t_difference
0,0.16378315352212902,0.13339290838284368,2.765667102405117
