,median_diff,mean_diff,t_difference
0,0.05228490967641963,0.06642467279816788,0.9017403407027055
