,mean_diff,log_mean_diff,t_difference
0,-0.11940789679197389,,-2.0510932298750997
