,median_diff,mean_diff,t_difference
0,0.07060957546923363,0.11631876642779204,1.0980749227919169
