,median_diff,mean_diff,t_difference
0,0.11203774356793983,0.10633558930917086,1.9282156023727623
