,mean_diff,log_mean_diff,t_difference
0,-0.08990460924521204,,-1.6267408537148393
