,mean_diff,log_mean_diff,t_difference
0,0.1858926491720359,,2.9657725945779094
