,mean_diff,log_mean_diff,t_difference
0,0.035560961777446165,,0.6324142427224896
