,mean_diff,log_mean_diff,t_difference
0,0.08891543841487703,,1.5657766893939562
