,mean_diff,log_mean_diff,t_difference
0,-0.08118503249172893,,-1.4005072796453208
