,mean_diff,log_mean_diff,t_difference
0,-0.010095926060573635,,-0.16300293716569542
