,mean_diff,log_mean_diff,t_difference
0,0.03531268606793336,,0.65804990642864
