,median_diff,mean_diff,t_difference
0,0.04937107033881383,0.07327713295614346,0.9370536659393516
