,mean_diff,log_mean_diff,t_difference
0,0.17487886739106479,,2.7588128566116565
