,median_diff,mean_diff,t_difference
0,0.14328822346673298,0.14766880143769,2.432163782267471
