,mean_diff,log_mean_diff,t_difference
0,0.13078027172425627,,2.2258572481980456
