,mean_diff,log_mean_diff,t_difference
0,-0.008808484480293366,,-0.14209561666241668
