,mean_diff,log_mean_diff,t_difference
0,-0.0031226890435424037,,-0.04998821731368973
