,median_diff,mean_diff,t_difference
0,0.09522977911333663,0.10788876822449212,1.5450905660810499
