,median_diff,mean_diff,t_difference
0,-0.03236378094988168,-0.023314074042266264,-0.5135442724780849
