,median_diff,mean_diff,t_difference
0,0.05082773325723999,0.06669596579142101,0.9436848173489785
