,median_diff,mean_diff,t_difference
0,0.09064888635312274,0.10376229538796872,1.615133179067535
