,median_diff,mean_diff,t_difference
0,-0.12986683912882901,-0.1595733422243738,-1.9902173997844637
