,median_diff,mean_diff,t_difference
0,0.21002546839615344,0.22780046018411215,3.7927578020515433
