,median_diff,mean_diff,t_difference
0,-0.11374253796843492,-0.18073127975965497,-1.841803683851125
