,mean_diff,log_mean_diff,t_difference
0,-0.006040400366977727,,-0.11330047588330748
