,median_diff,mean_diff,t_difference
0,0.038695708553675434,0.022753305793573042,0.6862609187565946
