,mean_diff,log_mean_diff,t_difference
0,0.0861824830714466,,1.6807065957891054
