,median_diff,mean_diff,t_difference
0,-0.03417563077988117,-0.016449425534912354,-0.5761407801190149
