,median_diff,mean_diff,t_difference
0,0.07613007144313966,0.1013458391880332,1.3020358933889646
