,mean_diff,log_mean_diff,t_difference
0,-0.05632075834947514,,-0.870439980010664
