,mean_diff,log_mean_diff,t_difference
0,-0.019442802849871432,,-0.3394475295583999
