,median_diff,mean_diff,t_difference
0,-0.20412005580108872,-0.19256840976465533,-3.667185662120842
