,median_diff,mean_diff,t_difference
0,0.07414413940221909,0.08091437396174544,1.2034566013286847
