,median_diff,mean_diff,t_difference
0,0.0624701695715022,0.05345939665650479,1.1324119064279583
