,median_diff,mean_diff,t_difference
0,-0.0637145129433434,-0.061162172436951545,-1.0531686031948384
