,median_diff,mean_diff,t_difference
0,0.10146740862049053,0.13875368868557536,1.816931806905599
