,median_diff,mean_diff,t_difference
0,0.008564140343680304,0.020243607171899713,0.1668948083856286
