,median_diff,mean_diff,t_difference
0,-0.0629542389759834,-0.048366667752759995,-0.9923589744623288
