,mean_diff,log_mean_diff,t_difference
0,0.14494420637288918,,2.4857581527945607
