,mean_diff,log_mean_diff,t_difference
0,0.05728184388629132,,1.002729450269826
