,mean_diff,log_mean_diff,t_difference
0,-0.03726022907940707,,-0.5810284797211719
