,mean_diff,log_mean_diff,t_difference
0,0.10905137078818083,,1.8864194731395312
