,median_diff,mean_diff,t_difference
0,0.1064240487496011,0.1251839106325583,1.7731840120027615
