,median_diff,mean_diff,t_difference
0,0.005688333651003963,-0.014922011825845183,0.0992212578715638
