,median_diff,mean_diff,t_difference
0,-0.17897604964450098,-0.1910227494420491,-3.0509228859451043
