,mean_diff,log_mean_diff,t_difference
0,0.16809391111262706,,3.051521965880284
