,median_diff,mean_diff,t_difference
0,-0.17168024851965635,-0.16827744489998064,-2.81229148829249
