,mean_diff,log_mean_diff,t_difference
0,0.13688175812553294,,2.1078695139867163
