,median_diff,mean_diff,t_difference
0,-0.06514733250121107,-0.08632536736603091,-1.1731303597054867
