,median_diff,mean_diff,t_difference
0,0.13251817320862552,0.13705625312770187,2.462837956457755
