,mean_diff,log_mean_diff,t_difference
0,-0.009197969712083642,,-0.16055221616517287
