,mean_diff,log_mean_diff,t_difference
0,0.004645372188940677,,0.09394997347989302
