,mean_diff,log_mean_diff,t_difference
0,0.009429357680988293,,0.17225731774952424
