,median_diff,mean_diff,t_difference
0,-0.04002646534147081,0.010805610664905818,-0.6449416084569011
