,median_diff,mean_diff,t_difference
0,-0.06974292335045224,-0.07263570787759976,-1.2302712419650805
