,median_diff,mean_diff,t_difference
0,-0.1977287988420091,-0.20477184027584305,-3.6815824948274622
