,median_diff,mean_diff,t_difference
0,0.21848409075767944,0.21589340092802484,4.061541809203653
