,median_diff,mean_diff,t_difference
0,-0.045252411002853155,-0.018488053775280067,-0.7754347516691292
