,mean_diff,log_mean_diff,t_difference
0,-0.060783241780464015,,-1.1765200158809974
