,mean_diff,log_mean_diff,t_difference
0,0.049980268133394845,,0.8415076520183734
