,median_diff,mean_diff,t_difference
0,0.11393408702623153,0.1163640366950327,1.9517975733935804
