,mean_diff,log_mean_diff,t_difference
0,-0.04688922293406983,,-0.7820622676519094
