,median_diff,mean_diff,t_difference
0,0.15763451750688817,0.16410751391216077,2.6583951673104274
