,median_diff,mean_diff,t_difference
0,0.07751899339298424,0.06534705161754706,1.4527554945935106
