,mean_diff,log_mean_diff,t_difference
0,0.0988603460326618,,1.7488019616789652
