,median_diff,mean_diff,t_difference
0,-0.10066544542430689,-0.10249282029530044,-1.6131339631128243
