,median_diff,mean_diff,t_difference
0,0.07666119252896386,0.10568829619048237,1.386745083929796
