,mean_diff,log_mean_diff,t_difference
0,-0.07892050307332188,,-1.3498156843846172
