,mean_diff,log_mean_diff,t_difference
0,0.04796399055724909,,0.8002272058609914
