,mean_diff,log_mean_diff,t_difference
0,0.05826632759491657,,0.979576913125601
