,median_diff,mean_diff,t_difference
0,0.10430799592964424,0.09577055487993336,1.745602381207951
