,mean_diff,log_mean_diff,t_difference
0,-0.07159705973573283,,-1.138732800820667
