,mean_diff,log_mean_diff,t_difference
0,-0.11547943749978495,,-2.03398406358443
