,median_diff,mean_diff,t_difference
0,-0.09917950008586074,-0.09595565302673126,-1.9202771439985498
