,mean_diff,log_mean_diff,t_difference
0,0.14300609912132378,,2.515978544313143
