,mean_diff,log_mean_diff,t_difference
0,0.03417295746833782,,0.6380737423991645
