,mean_diff,log_mean_diff,t_difference
0,0.020979464560447192,,0.3590439527326875
