,median_diff,mean_diff,t_difference
0,0.056649770865690896,0.051472415333231936,0.9078587361422015
