,median_diff,mean_diff,t_difference
0,-0.13752552975426613,-0.06562306343188384,-2.352857747137771
