,median_diff,mean_diff,t_difference
0,0.018640418532194003,-0.006918757998353509,0.3239840911749252
