,mean_diff,log_mean_diff,t_difference
0,0.07013289037859505,,1.2214743140041697
