,median_diff,mean_diff,t_difference
0,-0.07664996877616226,-0.08181728893695794,-1.2960182651458865
