,median_diff,mean_diff,t_difference
0,0.041391410819419994,0.0262081207993361,0.6578237362424969
