,median_diff,mean_diff,t_difference
0,0.09098152791063241,0.1541252171350288,1.5231078715023976
