,mean_diff,log_mean_diff,t_difference
0,-0.11681517415376597,,-1.9806554258304891
