,median_diff,mean_diff,t_difference
0,-0.1448953196544156,-0.1642643491668122,-2.317002789673221
