,mean_diff,log_mean_diff,t_difference
0,-0.002538906174171962,,-0.046095920133740954
