,mean_diff,log_mean_diff,t_difference
0,0.017757055971004965,,0.3012754331199585
