,mean_diff,log_mean_diff,t_difference
0,-0.07980540281626225,,-1.2865917338478374
