,median_diff,mean_diff,t_difference
0,0.050260745508168725,0.13430674999591075,0.8638984417926736
