,median_diff,mean_diff,t_difference
0,0.024567453861271016,0.036028843691124246,0.38415825873608117
