,mean_diff,log_mean_diff,t_difference
0,-0.08944872571032186,,-1.651437501185607
