,median_diff,mean_diff,t_difference
0,-0.00843964718251089,-0.06626281333522388,-0.1468580807058849
