,median_diff,mean_diff,t_difference
0,0.11800191535936633,0.10804498121898831,1.9756720383908573
