,mean_diff,log_mean_diff,t_difference
0,0.020244723947233367,,0.3900904953435646
