,mean_diff,log_mean_diff,t_difference
0,-0.046651948146183786,,-0.7605990746338717
