,mean_diff,log_mean_diff,t_difference
0,0.07664467343409143,,1.4991786950116563
