,median_diff,mean_diff,t_difference
0,0.030262515049419847,0.08438704981338202,0.577273918887976
