,median_diff,mean_diff,t_difference
0,0.004830257781723302,0.05063159026349373,0.08458130279769653
