,mean_diff,log_mean_diff,t_difference
0,0.03703770696603964,,0.5958132769751506
