,mean_diff,log_mean_diff,t_difference
0,0.1042637860288228,,1.6546871363475324
