,median_diff,mean_diff,t_difference
0,-0.037791994965769904,-0.04756274957135476,-0.6283961895322546
