,median_diff,mean_diff,t_difference
0,-0.019291349418714687,-0.023387599129347736,-0.3456601308912749
