,mean_diff,log_mean_diff,t_difference
0,-0.0755545415586808,,-1.263041393443358
