,mean_diff,log_mean_diff,t_difference
0,0.08852254042008079,,1.5035764419419049
