,mean_diff,log_mean_diff,t_difference
0,-0.07166225258680237,,-1.24637627896683
