,mean_diff,log_mean_diff,t_difference
0,0.049043972654001566,,0.8319350827356271
