,median_diff,mean_diff,t_difference
0,-0.0646745804169937,-0.052293698731180616,-1.0032341243207843
