,median_diff,mean_diff,t_difference
0,-0.06146836164432257,-0.048378818401226376,-0.9477199479678308
