,mean_diff,log_mean_diff,t_difference
0,-0.08625687311835895,,-1.6315070968197134
