,mean_diff,log_mean_diff,t_difference
0,0.04620525252509222,,0.8002332918946266
