,median_diff,mean_diff,t_difference
0,-0.07927305972995025,-0.10072188492119816,-1.2872872963502942
