,mean_diff,log_mean_diff,t_difference
0,0.07312095448182299,,1.4212701768529399
