,mean_diff,log_mean_diff,t_difference
0,-0.05735657656619991,,-0.9444099467345264
