,mean_diff,log_mean_diff,t_difference
0,-0.03745430849923914,,-0.6612021223713148
