,mean_diff,log_mean_diff,t_difference
0,0.020023181812081514,,0.3603271748776694
