,median_diff,mean_diff,t_difference
0,0.20761486115395267,0.21126143068536712,3.627884725450898
