,median_diff,mean_diff,t_difference
0,-0.1736096664377188,-0.14896603451943036,-3.4827355083698
