,mean_diff,log_mean_diff,t_difference
0,-0.1291357771552022,,-2.3480720443627874
