,median_diff,mean_diff,t_difference
0,0.09759334905296069,0.08300174492107604,1.6558741004236035
