,median_diff,mean_diff,t_difference
0,-0.044204294225085594,-0.03369843039617365,-0.7799984986361342
