,median_diff,mean_diff,t_difference
0,-0.028827118588733436,-0.019299397143985764,-0.49637442383497665
