,mean_diff,log_mean_diff,t_difference
0,-0.08357911142878893,,-1.3946888148877192
