,mean_diff,log_mean_diff,t_difference
0,0.014581386588267353,,0.259776811796547
