,median_diff,mean_diff,t_difference
0,0.04285092853598893,0.04152280288313415,0.7857979409124414
