,median_diff,mean_diff,t_difference
0,-0.04850944169306781,-0.02779374781155919,-0.8394073546049636
