,median_diff,mean_diff,t_difference
0,0.10191335453690831,0.1257842178047538,1.8712320624840197
