,median_diff,mean_diff,t_difference
0,0.05148155364368323,0.10110327082823867,0.876643652334063
