,mean_diff,log_mean_diff,t_difference
0,-0.030267384285365018,,-0.525371914302475
