,median_diff,mean_diff,t_difference
0,-0.014524328489243676,-0.04282149044496686,-0.23494797247728297
