,mean_diff,log_mean_diff,t_difference
0,0.005643914895241187,,0.09799257534454
