,mean_diff,log_mean_diff,t_difference
0,0.1408289494225986,,2.2970967213290296
