,mean_diff,log_mean_diff,t_difference
0,0.07027364293830318,,1.1980295360212936
