,mean_diff,log_mean_diff,t_difference
0,-0.12757634928557327,,-2.1121072838989123
