,median_diff,mean_diff,t_difference
0,4.6272330188279476e-05,0.032642234736923625,0.0008082106779539276
