,mean_diff,log_mean_diff,t_difference
0,0.05264517003164004,,0.9621530089255274
