,mean_diff,log_mean_diff,t_difference
0,-0.013214982310400747,,-0.21057030260413895
