,mean_diff,log_mean_diff,t_difference
0,0.035737250048835545,,0.5798050893858373
