,median_diff,mean_diff,t_difference
0,0.01194565032855821,0.011908134393784242,0.21376510194749404
