,median_diff,mean_diff,t_difference
0,0.18715678827530308,0.20146461655915932,3.303377629150276
