,mean_diff,log_mean_diff,t_difference
0,0.12887487764518063,,2.56123120815587
