,mean_diff,log_mean_diff,t_difference
0,0.10250070747736484,,1.9235086452422794
