,median_diff,mean_diff,t_difference
0,-0.22252336363649816,-0.17363552562330042,-3.8120855000964267
