,median_diff,mean_diff,t_difference
0,-0.051963267419171455,-0.050558961278983516,-0.8684629506739764
