,mean_diff,log_mean_diff,t_difference
0,-0.17714458404888606,,-2.9942432814285387
