,mean_diff,log_mean_diff,t_difference
0,0.19354464772740765,,3.3541756755269363
