,mean_diff,log_mean_diff,t_difference
0,-0.1207772374963556,,-2.2024652010175414
