,median_diff,mean_diff,t_difference
0,0.021534588971801494,0.08823166229257096,0.34225646529235976
