,mean_diff,log_mean_diff,t_difference
0,-0.051080743345733426,,-0.8507329125058217
