,median_diff,mean_diff,t_difference
0,0.036576556762224044,0.0747278712336068,0.6148857965500691
