,median_diff,mean_diff,t_difference
0,0.06997487444384709,0.10198635952045887,1.1264719692992244
