,median_diff,mean_diff,t_difference
0,-0.02728871515227138,-0.030941983503953163,-0.44606484296001836
