,median_diff,mean_diff,t_difference
0,-0.015372418293257306,-0.022515473849217038,-0.24213448945447077
