,mean_diff,log_mean_diff,t_difference
0,-0.024848803071823133,,-0.3818641383933366
