,mean_diff,log_mean_diff,t_difference
0,0.18481622034005607,,3.051996335054752
