,median_diff,mean_diff,t_difference
0,-0.29273997016962117,-0.2524931649114613,-5.132352065579834
