,median_diff,mean_diff,t_difference
0,0.071993267938671,0.08636363652563606,1.314193265288796
