,median_diff,mean_diff,t_difference
0,0.11470427882741319,0.12500456878014532,2.040628889881052
