,mean_diff,log_mean_diff,t_difference
0,0.22613958386760358,,4.05433648317747
