,mean_diff,log_mean_diff,t_difference
0,0.10028852918968711,,1.7888701829476772
