,median_diff,mean_diff,t_difference
0,0.04060305183949253,0.07838620195983115,0.7161918597665246
