,median_diff,mean_diff,t_difference
0,0.17069245253539334,0.23862245307055002,2.8708627476478483
