,median_diff,mean_diff,t_difference
0,-0.05344996747420727,-0.04673518545448274,-0.8513889351945738
