,median_diff,mean_diff,t_difference
0,0.18123918323139698,0.2175662406163733,3.085415021742438
