,mean_diff,log_mean_diff,t_difference
0,-0.03238918647086719,,-0.5771783540979004
