,median_diff,mean_diff,t_difference
0,-0.11642056750993501,-0.11013232821836388,-1.9227426255191575
