,median_diff,mean_diff,t_difference
0,0.016526955245034225,-0.0526973355388074,0.24937437236739624
