,median_diff,mean_diff,t_difference
0,-0.13282338364932866,-0.11700899749853982,-2.5612042616651025
