,median_diff,mean_diff,t_difference
0,0.08025199254618554,0.09878045096860233,1.343486529101414
