,mean_diff,log_mean_diff,t_difference
0,-0.2113568964921277,,-3.490790615697064
