,mean_diff,log_mean_diff,t_difference
0,0.0019426181707380419,,0.03221571049201188
