,median_diff,mean_diff,t_difference
0,0.18607576849179597,0.20681157310607073,2.976990183646123
