,mean_diff,log_mean_diff,t_difference
0,0.053589708685706894,,0.9298859362339329
