,median_diff,mean_diff,t_difference
0,-0.14776832349356728,-0.12206452772602355,-2.5716049740981886
