,median_diff,mean_diff,t_difference
0,0.1576543933053257,0.1660627563789543,2.5949169348044125
