,mean_diff,log_mean_diff,t_difference
0,-0.018318797693596456,,-0.33511831898225514
