,median_diff,mean_diff,t_difference
0,-0.18245243205417516,-0.14987532539082649,-2.893285839174619
