,mean_diff,log_mean_diff,t_difference
0,0.013810697230143942,,0.27440398303822433
