,median_diff,mean_diff,t_difference
0,0.024430121225657575,0.019578991979576243,0.43910482467511724
