,median_diff,mean_diff,t_difference
0,0.1272431137836365,0.16201842218462903,2.0774836830004193
