,mean_diff,log_mean_diff,t_difference
0,-0.15181372518442404,,-2.7726194250146814
