,mean_diff,log_mean_diff,t_difference
0,0.0472168864756608,,0.6909640733106189
