,mean_diff,log_mean_diff,t_difference
0,-0.03136946089155057,,-0.5389949496597249
