,median_diff,mean_diff,t_difference
0,-0.10507448289916932,-0.08882529027587693,-1.8269791252108443
