,median_diff,mean_diff,t_difference
0,-0.015397789057317257,0.04253266452244614,-0.2597398534769027
