,median_diff,mean_diff,t_difference
0,0.038046488845615456,0.07299141211098892,0.6431561851825541
