,median_diff,mean_diff,t_difference
0,-0.06632576400082069,-0.06978057888801892,-1.0310039056759426
