,median_diff,mean_diff,t_difference
0,-0.04179366803137591,-0.035667897594710285,-0.7256485664922684
