,median_diff,mean_diff,t_difference
0,0.15030244461918907,0.1306452509342504,2.853721955842458
