,mean_diff,log_mean_diff,t_difference
0,0.11704320720052808,,1.8244273573492402
