,median_diff,mean_diff,t_difference
0,-0.06971784488433297,-0.07624519680248809,-1.4669975120240788
