,mean_diff,log_mean_diff,t_difference
0,0.06135862819264454,,1.022133193034943
