,median_diff,mean_diff,t_difference
0,0.00869359464073649,0.009276956477736908,0.1597072937557985
