,median_diff,mean_diff,t_difference
0,-0.035965572924413935,-0.028904769516112316,-0.6219522433101172
