,mean_diff,log_mean_diff,t_difference
0,0.19200092848426725,,3.556529546539861
