,mean_diff,log_mean_diff,t_difference
0,-0.09998480785105368,,-1.7227148429203076
