,median_diff,mean_diff,t_difference
0,0.12531468686978742,0.09318556362917763,2.0976212413709425
