,mean_diff,log_mean_diff,t_difference
0,-0.04741102002164088,,-0.8588497428102877
