,median_diff,mean_diff,t_difference
0,0.006404141481616166,0.02951013562810767,0.11628494479654873
