,mean_diff,log_mean_diff,t_difference
0,0.08889515261207503,,1.5335549880559822
