,median_diff,mean_diff,t_difference
0,0.06670693838510122,0.07450462829622628,1.2676993383743627
