,median_diff,mean_diff,t_difference
0,0.009971723647025033,0.013456083294762,0.16391941137789168
