,median_diff,mean_diff,t_difference
0,0.14624473217481937,0.15357373445464312,2.5975889947348656
