,median_diff,mean_diff,t_difference
0,0.12665568413707506,0.10888458014393831,1.9794569181552513
