,median_diff,mean_diff,t_difference
0,-0.011072128772980694,-0.01786651375822812,-0.16321113086799033
