,mean_diff,log_mean_diff,t_difference
0,0.2519662929302161,,4.201812542770586
