,mean_diff,log_mean_diff,t_difference
0,-0.010106675332080872,,-0.19030731360277284
