,mean_diff,log_mean_diff,t_difference
0,-0.055172659450311023,,-0.9431854510466436
