,median_diff,mean_diff,t_difference
0,0.017370791213854764,0.044951585834039576,0.3122604453363173
