,median_diff,mean_diff,t_difference
0,0.05937933846787946,0.04593989254127062,1.1276901031917594
