,median_diff,mean_diff,t_difference
0,-0.06924951373986832,-0.1169339309609243,-1.1675876856060476
