,mean_diff,log_mean_diff,t_difference
0,-0.013858971954111787,,-0.22726991453055626
