,median_diff,mean_diff,t_difference
0,-0.023941448897602635,-0.010193478063926342,-0.46610295496226906
