,median_diff,mean_diff,t_difference
0,-0.028592219932454088,0.021847953648798102,-0.4703874555458041
