,mean_diff,log_mean_diff,t_difference
0,-0.12054423024415856,,-1.9979794761898209
