,mean_diff,log_mean_diff,t_difference
0,-0.044940604182306165,,-0.8290516447850997
