,mean_diff,log_mean_diff,t_difference
0,0.1766718846842854,,2.9173459906237946
