,mean_diff,log_mean_diff,t_difference
0,0.10122906922960767,,1.541805170602988
