,mean_diff,log_mean_diff,t_difference
0,-0.011783300819762865,,-0.20556701052064627
