,median_diff,mean_diff,t_difference
0,-0.06817271869633679,-0.039952184516278466,-1.21650982028258
