,mean_diff,log_mean_diff,t_difference
0,-0.08764502062186913,,-1.5676839934102924
