,median_diff,mean_diff,t_difference
0,-0.042289120009446624,-0.03164340531268306,-0.7113163698618807
