,mean_diff,log_mean_diff,t_difference
0,-0.025732172661322772,,-0.4532143528039389
