,median_diff,mean_diff,t_difference
0,-0.16306667421237475,-0.17057623199367034,-3.0646106964333533
