,mean_diff,log_mean_diff,t_difference
0,-0.020344254139624596,,-0.3447741357286813
