,median_diff,mean_diff,t_difference
0,0.12306694809256513,0.17004996705854025,1.8984843725259553
