,median_diff,mean_diff,t_difference
0,0.1316722814767579,0.17232324279033778,2.286916900157938
