,median_diff,mean_diff,t_difference
0,-0.06525221658379143,-0.05892101458665355,-1.2434622800941122
