,mean_diff,log_mean_diff,t_difference
0,0.09274017096656373,,1.5662733043934802
