,mean_diff,log_mean_diff,t_difference
0,-0.0078002569383293086,,-0.13145559965882472
