,mean_diff,log_mean_diff,t_difference
0,0.10191463480170554,,1.8587318694136168
