,median_diff,mean_diff,t_difference
0,0.04284502077646113,0.070223601293814,0.7997646508122821
