,median_diff,mean_diff,t_difference
0,-0.05851954113980751,-0.045037327061063226,-0.9811978686206309
