,mean_diff,log_mean_diff,t_difference
0,-0.012935233088624931,,-0.2137404367815814
