,median_diff,mean_diff,t_difference
0,-0.23590642765088887,-0.21737309984935999,-4.141441999982989
