,mean_diff,log_mean_diff,t_difference
0,0.11401486210320516,,1.95631797703877
