,median_diff,mean_diff,t_difference
0,0.010621001659895213,0.0212471668537757,0.19285816819242554
