,mean_diff,log_mean_diff,t_difference
0,0.21131964278261084,,3.4497964688474236
