,mean_diff,log_mean_diff,t_difference
0,0.028030159182701464,,0.47585485712985565
