,mean_diff,log_mean_diff,t_difference
0,0.018269064077563346,,0.30126291689614176
