,mean_diff,log_mean_diff,t_difference
0,0.0589765890057079,,1.028435339393928
