,median_diff,mean_diff,t_difference
0,-0.04377540388404322,-0.022918312960842346,-0.774117771224252
