,median_diff,mean_diff,t_difference
0,0.07965777602549817,0.06954985316928786,1.2959768828468152
