,median_diff,mean_diff,t_difference
0,-0.17117162414292325,-0.13210349038872415,-2.7419811414884254
