,mean_diff,log_mean_diff,t_difference
0,0.03615555880195587,,0.5568077773150387
