,median_diff,mean_diff,t_difference
0,0.2701265275798289,0.2968734906214,4.131392056846973
