,median_diff,mean_diff,t_difference
0,-0.03985970785544968,-0.009154472111466694,-0.6424334358811415
