,mean_diff,log_mean_diff,t_difference
0,0.04159446348176754,,0.7281626780033067
