,mean_diff,log_mean_diff,t_difference
0,0.010640574913569179,,0.19382032915377517
