,median_diff,mean_diff,t_difference
0,0.050297439035347224,0.06841437433023645,0.8814668451977913
