,mean_diff,log_mean_diff,t_difference
0,0.12315045246855227,,2.0747006429901806
