,median_diff,mean_diff,t_difference
0,0.12075809854543884,0.13106451417963805,1.9229453757373913
