,mean_diff,log_mean_diff,t_difference
0,-0.05112391574449682,,-0.785085156638322
