,mean_diff,log_mean_diff,t_difference
0,-0.18417919108756187,,-3.2440046481786817
