,mean_diff,log_mean_diff,t_difference
0,0.03648840315499213,,0.6553541021582162
