,median_diff,mean_diff,t_difference
0,0.13370805699700838,0.1220462093452841,2.2279019099738773
