,mean_diff,log_mean_diff,t_difference
0,0.05149628780358895,,0.9128370139766493
