,median_diff,mean_diff,t_difference
0,-0.043407283626008875,-0.06726941905427619,-0.81578192449694
