,median_diff,mean_diff,t_difference
0,-0.06553450514382486,-0.021548927851521404,-1.0831440752517116
