,median_diff,mean_diff,t_difference
0,0.020594831248017087,0.06630094183718571,0.33071622319069716
