,median_diff,mean_diff,t_difference
0,-0.0005867601564537583,-0.004115664571718414,-0.009536352067185398
