,mean_diff,log_mean_diff,t_difference
0,0.08042612598763299,,1.2736046950626725
