,median_diff,mean_diff,t_difference
0,-0.08981778312578703,-0.09143883356104443,-1.5510129652070586
