,median_diff,mean_diff,t_difference
0,0.038140956954129224,0.04793651910790764,0.7528902455092069
