,mean_diff,log_mean_diff,t_difference
0,0.10385476922841941,,1.791424104931683
