,median_diff,mean_diff,t_difference
0,-0.21274446720243462,-0.18689343008167647,-3.7882725847752954
