,median_diff,mean_diff,t_difference
0,-0.05971181453529495,-0.06502396354990103,-0.9792037483490338
