,median_diff,mean_diff,t_difference
0,0.0030833682192941136,0.043833422957888946,0.05074683794714406
