,mean_diff,log_mean_diff,t_difference
0,-0.08243254093562635,,-1.503552130191986
