,mean_diff,log_mean_diff,t_difference
0,0.010354567502172451,,0.18261309081308386
