,median_diff,mean_diff,t_difference
0,0.1339579568174839,0.1383221249733635,2.4259426572176617
