,median_diff,mean_diff,t_difference
0,-0.008753775735337477,-0.034729739887026656,-0.1501834206611245
