,mean_diff,log_mean_diff,t_difference
0,0.05669081417626198,,0.9407266260627394
