,mean_diff,log_mean_diff,t_difference
0,0.0833898466464309,,1.559083006186596
