,mean_diff,log_mean_diff,t_difference
0,0.23971708611633796,,3.8319036945456544
