,median_diff,mean_diff,t_difference
0,0.23263354909307288,0.2909174676203922,4.121299444382471
