,median_diff,mean_diff,t_difference
0,0.01644977694353622,0.014113398200842564,0.26115805780621454
