,mean_diff,log_mean_diff,t_difference
0,-0.05087281946512401,,-0.824066367616003
