,median_diff,mean_diff,t_difference
0,0.05400175198860757,0.07496167545598575,0.903012446586827
