,median_diff,mean_diff,t_difference
0,0.2382995380683296,0.22857956182998185,3.987144975412684
