,mean_diff,log_mean_diff,t_difference
0,-0.0027828575895745278,,-0.04739144420062452
