,median_diff,mean_diff,t_difference
0,-0.00014168848948259427,0.030924136281137993,-0.002384492897515683
