,mean_diff,log_mean_diff,t_difference
0,0.07457071159755413,,1.2658732844516638
