,median_diff,mean_diff,t_difference
0,-0.01545106497196247,0.010793603608480473,-0.27521352141350713
