,mean_diff,log_mean_diff,t_difference
0,-0.13625546373545067,,-2.712698632966906
