,median_diff,mean_diff,t_difference
0,0.00019579807365788238,0.02288725270822556,0.003332630972152888
