,median_diff,mean_diff,t_difference
0,0.08908993731335513,0.14116145084761356,1.418106179804347
