,median_diff,mean_diff,t_difference
0,-0.0787355528642828,-0.08299219691457771,-1.1850328863521786
