,mean_diff,log_mean_diff,t_difference
0,-0.05975648525469501,,-0.9707662206937208
