,mean_diff,log_mean_diff,t_difference
0,0.05880743688010526,,1.0360467783264087
