,mean_diff,log_mean_diff,t_difference
0,0.04574845863361354,,0.755158575203189
