,median_diff,mean_diff,t_difference
0,-0.20261578159259197,-0.18703754850592658,-3.360040424788294
