,median_diff,mean_diff,t_difference
0,0.07771128800833671,0.13461633656737576,1.2971168175160548
