,mean_diff,log_mean_diff,t_difference
0,0.04505037238918974,,0.8517073560984548
