,mean_diff,log_mean_diff,t_difference
0,0.14344086408924356,,2.549873619626486
