,median_diff,mean_diff,t_difference
0,0.08280252947090655,0.08428091716065811,1.4630504664351514
