,mean_diff,log_mean_diff,t_difference
0,0.2256086136669777,,3.538561283956631
