,mean_diff,log_mean_diff,t_difference
0,0.05428734830057935,,0.8609563183673211
