,median_diff,mean_diff,t_difference
0,-0.07697393540582564,-0.07951151246141713,-1.3466918551776823
