,median_diff,mean_diff,t_difference
0,-0.08734151014964309,-0.06610692606739044,-1.5005596146185998
