,median_diff,mean_diff,t_difference
0,0.03315314446282036,0.056876007538780304,0.5358577923312239
