,mean_diff,log_mean_diff,t_difference,mean_d_scores,std_dscores,stdR,stdP,mR,mP
0,0.046373326165033424,0.07324822855588489,0.4961774694156773,0.04637332616503323,1.1762304277870592,0.8273314486411595,0.8497866412117905,1.2518341918530895,1.205460865688056
