,mean_diff,log_mean_diff,t_difference,mean_d_scores,std_dscores,stdR,stdP,mR,mP
0,0.24550735217754394,0.13141770886915066,2.5060343592793637,0.2455073521775439,1.390943206586636,1.0392638646062962,0.8034427349357157,1.5976048934809757,1.3520975413034317
