,mean_diff,log_mean_diff,t_difference,mean_d_scores,std_dscores,stdR,stdP,mR,mP
0,-0.195740188969729,-0.17609315954265545,-2.3420274852181504,-0.19574018896972922,0.9753583941722691,0.6214256243410547,0.7197240862694785,1.098606434047712,1.294346623017441
