,mean_diff,log_mean_diff,t_difference,mean_d_scores,std_dscores,stdR,stdP,mR,mP
0,-0.15961323304915798,-0.143286406395768,-1.6762930167725498,-0.15961323304915778,1.2678525763492927,0.7555808307898338,0.985180161187336,1.0351595730834828,1.1947728061326408
