,mean_diff,log_mean_diff,t_difference,mean_d_scores,std_dscores,stdR,stdP,mR,mP
0,0.13441297412699238,0.1416530249918866,1.5643392934076572,0.13441297412699213,0.9920433309144626,0.7133371358084893,0.7041584067867426,1.1750857127534846,1.0406727386264922
