,mean_diff,log_mean_diff,t_difference,mean_d_scores,std_dscores,stdR,stdP,mR,mP
0,0.035579360351002176,0.059232130528211045,0.3247048909830825,0.035579360351002474,1.6361323200185878,1.1130985265185942,1.1921610772864215,1.2887733755754376,1.2531940152244354
