,mean_diff,log_mean_diff,t_difference,mean_d_scores,std_dscores,stdR,stdP,mR,mP
0,0.007118875180641693,0.006202300792141697,0.07428598035058717,0.0071188751806416095,1.3201874152255895,0.859311104523314,0.9039241759316653,1.1810122827649294,1.1738934075842877
