,mean_diff,log_mean_diff,t_difference,mean_d_scores,std_dscores,stdR,stdP,mR,mP
0,-0.16917525510086917,-0.19320354778819104,-2.012710055164443,-0.16917525510086906,0.9991813367435763,0.6518876970657073,0.7045894336243829,0.8809888466274853,1.0501641017283545
