,mean_diff,log_mean_diff,t_difference,mean_d_scores,std_dscores,stdR,stdP,mR,mP
0,-0.1809924088417847,-0.05912735074622545,-1.9467733823332318,-0.18099240884178425,1.2420346551700507,0.622719528892619,1.0368335589209958,1.190888404505425,1.3718808133472098
