,mean_diff,log_mean_diff,t_difference,mean_d_scores,std_dscores,stdR,stdP,mR,mP
0,0.1023911751545643,-0.0033539020339270684,1.109710570946041,0.10239117515456438,1.2303436591172914,0.9423412412310335,0.692241230438698,1.1949489338929469,1.0925577587383826
