,mean_diff,log_mean_diff,t_difference,mean_d_scores,std_dscores,stdR,stdP,mR,mP
0,-0.2624345997536538,-0.12959945239011217,-2.9936791508160634,-0.26243459975365374,1.1362723136062653,0.47200165725704085,1.003476919603638,0.8739226211907293,1.136357220944383
