,mean_diff,log_mean_diff,t_difference,mean_d_scores,std_dscores,stdR,stdP,mR,mP
0,0.24036170080781372,0.21873426257875073,2.713869404208927,0.24036170080781352,1.0719781332527867,0.8523423947042422,0.6537578387075648,1.1906588594926972,0.9502971586848835
