,mean_diff,log_mean_diff,t_difference,mean_d_scores,std_dscores,stdR,stdP,mR,mP
0,-0.008965943308726798,-0.030863290650123637,-0.10474660647963818,-0.008965943308726668,1.0584064343739168,0.7537517689964139,0.6529864347309112,1.1402228328704824,1.1491887761792092
