,mean_diff,log_mean_diff,t_difference,mean_d_scores,std_dscores,stdR,stdP,mR,mP
0,-0.20202787246681053,-0.14625332418068493,-2.304220550402132,-0.20202787246681053,1.054298279754175,0.64399236183279,0.8319714798007691,1.014669407251372,1.2166972797181825
