,mean_diff,log_mean_diff,t_difference,mean_d_scores,std_dscores,stdR,stdP,mR,mP
0,0.07296883672400634,-0.03283802795056942,0.7716896858833435,0.07296883672400646,1.2084860922490916,1.0513031244981017,0.6653821540119753,1.0702188024981825,0.9972499657741761
