,mean_diff,log_mean_diff,t_difference,mean_d_scores,std_dscores,stdR,stdP,mR,mP
0,0.006201165517875973,0.0445184525752492,0.06182916171346811,0.006201165517875899,1.3679198102242678,0.9108988135953892,1.0204519646206343,1.2578028706110393,1.2516017050931634
