,mean_diff,log_mean_diff,t_difference,mean_d_scores,std_dscores,stdR,stdP,mR,mP
0,0.1349596863262843,0.12511905794881661,1.4833797197081073,0.13495968632628433,1.1835125756848133,0.8191591896441202,0.7701363872586694,1.345018791655239,1.2100591053289547
