,mean_diff,log_mean_diff,t_difference,mean_d_scores,std_dscores,stdR,stdP,mR,mP
0,0.10314843522508244,0.12189240689510278,1.1165826045807865,0.10314843522508232,1.1525156887735424,0.8059833209771817,0.8325104760105884,1.276843619607697,1.1736951843826147
