,mean_diff,log_mean_diff,t_difference,mean_d_scores,std_dscores,stdR,stdP,mR,mP
0,-0.23555626106901906,-0.15836845899448831,-2.950682308276422,-0.23555626106901909,0.9101409826241446,0.4758133329003534,0.7478040209660857,0.9974184867586472,1.2329747478276663
