,mean_diff,log_mean_diff,t_difference,mean_d_scores,std_dscores,stdR,stdP,mR,mP
0,-0.14642365722748885,-0.12143154677090835,-1.7066679198812376,-0.14642365722748868,1.0066377659901216,0.6766786672645954,0.7365930845531338,1.1303103833515802,1.276734040579069
