,mean_diff,log_mean_diff,t_difference,mean_d_scores,std_dscores,stdR,stdP,mR,mP
0,0.11976092096914981,0.15059112010037415,1.3529606233366882,0.11976092096914986,1.098670772889275,0.7489055116939679,0.7554870201504043,1.0906183607854867,0.9708574398163369
