,mean_diff,log_mean_diff,t_difference,mean_d_scores,std_dscores,stdR,stdP,mR,mP
0,-0.009924675915222503,-0.0006303455629791677,-0.11630242306297628,-0.009924675915222688,0.9787929483511358,0.687488551647189,0.7106698307916574,1.061204851350656,1.0711295272658785
