,mean_diff,log_mean_diff,t_difference,mean_d_scores,std_dscores,stdR,stdP,mR,mP
0,-0.12233587415191871,-0.02817357806296815,-1.3681845019231567,-0.12233587415191867,1.1111967437595416,0.6008204384252384,0.9342190588119424,1.0388555504838668,1.1611914246357855
