,mean_diff,log_mean_diff,t_difference,mean_d_scores,std_dscores,stdR,stdP,mR,mP
0,-0.14839768629373395,-0.07609051558162033,-1.577731969864173,-0.14839768629373393,1.225779528921273,0.7630264691344532,0.9355653836663248,1.1985631613437857,1.3469608476375197
