,mean_diff,log_mean_diff,t_difference,mean_d_scores,std_dscores,stdR,stdP,mR,mP
0,0.15078205436456105,0.10222848557565851,1.666908592608491,0.15078205436456105,1.0314455076011853,0.8996452810934981,0.671357559914583,1.1923242765514492,1.0415422221868882
