,mean_diff,log_mean_diff,t_difference,mean_d_scores,std_dscores,stdR,stdP,mR,mP
0,-0.023237840981935376,0.03867284193994325,-0.24968916253173448,-0.02323784098193543,1.1645015774842256,0.7518992055920436,0.9111051788759655,1.2629827947226708,1.2862206357046062
