,mean_diff,log_mean_diff,t_difference,mean_d_scores,std_dscores,stdR,stdP,mR,mP
0,0.0644849320934906,0.05718090735548334,0.6348599981024764,0.06448493209349095,1.4365504390741786,1.0043972372930419,0.9764993118720446,1.359841552302741,1.2953566202092504
