,mean_diff,log_mean_diff,t_difference,mean_d_scores,std_dscores,stdR,stdP,mR,mP
0,-0.08007090194055388,-0.04686502342326496,-0.916016024481982,-0.08007090194055395,1.0411503150883978,0.6839541188463278,0.7830945698081891,1.0493652684686006,1.1294361704091544
