,mean_diff,log_mean_diff,t_difference,mean_d_scores,std_dscores,stdR,stdP,mR,mP
0,0.15461859580664994,0.1685788786174399,1.7251233441939064,0.15461859580664972,1.0829765613085824,0.7491902699559837,0.7931648316240268,1.381304567025207,1.2266859712185572
