,mean_diff,log_mean_diff,t_difference,mean_d_scores,std_dscores,stdR,stdP,mR,mP
0,-0.17713537952253766,-0.14273020619788715,-1.988315732442569,-0.17713537952253758,1.0893578206808592,0.6674396472745578,0.8564066191145365,1.0401160112617027,1.2172513907842404
