,mean_diff,log_mean_diff,t_difference,mean_d_scores,std_dscores,stdR,stdP,mR,mP
0,-0.17696254155625546,-0.06628665941519737,-1.9889667462132115,-0.17696254155625535,1.1312405015090283,0.6086178565658902,0.911260667666454,1.1601193764683384,1.3370819180245939
