,mean_diff,log_mean_diff,t_difference,mean_d_scores,std_dscores,stdR,stdP,mR,mP
0,0.11173715495176184,0.11417743581709419,1.1175542726084116,0.11173715495176167,1.3582112391032868,0.9583223857897543,0.9610498153422374,1.3363667880773367,1.2246296331255748
