,mean_diff,log_mean_diff,t_difference,mean_d_scores,std_dscores,stdR,stdP,mR,mP
0,-0.17355698068721703,-0.12154175914048887,-1.8965137377349122,-0.17355698068721723,1.1813024688993918,0.6773959774421529,0.9305572632987684,1.08533654650015,1.2588935271873671
