,mean_diff,log_mean_diff,t_difference,mean_d_scores,std_dscores,stdR,stdP,mR,mP
0,-0.2386538279477689,-0.24218187479340836,-2.6179552456109567,-0.23865382794776901,1.117469026930048,0.7571129610281432,0.8384487366505048,0.9509327729518903,1.1895866008996592
