,mean_diff,log_mean_diff,t_difference,mean_d_scores,std_dscores,stdR,stdP,mR,mP
0,-0.2192604076241601,-0.13734146370120007,-2.3721035999693227,-0.21926040762416,1.1834364429802928,0.6900036346185096,0.9504137297883789,0.9697028844924741,1.1889632921166342
