,mean_diff,log_mean_diff,t_difference,mean_d_scores,std_dscores,stdR,stdP,mR,mP
0,0.07849602772797892,0.04780109795291758,0.888412011307563,0.07849602772797908,1.0494653558487068,0.8046895260391516,0.6941935136057691,1.2171683759971101,1.1386723482691312
