,mean_diff,log_mean_diff,t_difference,mean_d_scores,std_dscores,stdR,stdP,mR,mP
0,0.13869372922707146,0.06059100778324403,1.6221130487554316,0.13869372922707154,1.058364833076826,0.855505400928673,0.5481246069955305,1.1109791641300768,0.9722854349030053
