,mean_diff,log_mean_diff,t_difference,mean_d_scores,std_dscores,stdR,stdP,mR,mP
0,0.2607801257878112,0.29962464117088744,3.5340035517786177,0.26078012578781135,0.7199647438705434,0.5100599973256275,0.5354212476351805,1.175783568207336,0.9150034424195249
