,mean_diff,log_mean_diff,t_difference,mean_d_scores,std_dscores,stdR,stdP,mR,mP
0,-0.1519393243923668,-0.10756008861144463,-1.6745364066260493,-0.1519393243923667,1.087573371329735,0.6836380431850173,0.8970727634625998,1.0561195720012346,1.2080588963936014
