,mean_diff,log_mean_diff,t_difference,mean_d_scores,std_dscores,stdR,stdP,mR,mP
0,0.20105140738742278,0.09269681252180183,2.0718299265260334,0.201051407387423,1.2466710601472912,1.0636897007511124,0.7443470754848193,1.2904431091073472,1.0893917017199244
