,mean_diff,log_mean_diff,t_difference,mean_d_scores,std_dscores,stdR,stdP,mR,mP
0,0.17411864622661,-0.0008829226559340462,1.6856238274425521,0.1741186462266097,1.597294213999021,1.2964073760370098,0.7522553651048822,1.32930369902181,1.1551850527952
