,mean_diff,log_mean_diff,t_difference,mean_d_scores,std_dscores,stdR,stdP,mR,mP
0,0.17763446700168928,0.16268917164006286,2.185672599577738,0.1776344670016893,0.9081639153840539,0.7011578727619985,0.5670355237415144,1.1751175125901219,0.9974830455884326
