,mean_diff,log_mean_diff,t_difference,mean_d_scores,std_dscores,stdR,stdP,mR,mP
0,-0.14585405718240219,-0.12603457053888728,-1.834564517545943,-0.14585405718240205,0.8896909558197666,0.5438631264904502,0.6697276810813472,0.9196116667439608,1.065465723926363
