,mean_diff,log_mean_diff,t_difference,mean_d_scores,std_dscores,stdR,stdP,mR,mP
0,0.015835679065178798,-0.038598272781972094,0.17536503479053722,0.015835679065178816,1.0877002642505524,0.8719006437849922,0.6937274302798181,1.1821787969399244,1.1663431178747456
