,mean_diff,log_mean_diff,t_difference,mean_d_scores,std_dscores,stdR,stdP,mR,mP
0,-0.38742762753917315,-0.27417237158723157,-4.119769548330449,-0.3874276275391731,1.1779095698107969,0.6227043093610557,1.0752912754056319,0.9745315152573352,1.3619591427965083
