,mean_diff,log_mean_diff,t_difference,mean_d_scores,std_dscores,stdR,stdP,mR,mP
0,-0.11972224651047458,-0.09995861608118439,-1.3701452804370404,-0.11972224651047457,1.0536647398050372,0.6838350754324076,0.7821100223725501,1.0450514739304417,1.1647737204409163
