,mean_diff,log_mean_diff,t_difference,mean_d_scores,std_dscores,stdR,stdP,mR,mP
0,-0.1443184447514816,-0.09307787879060589,-1.5768344329460933,-0.14431844475148162,1.1405523228059564,0.7172818465813054,0.8910391025946839,1.0825641426108878,1.2268825873623694
