,mean_diff,log_mean_diff,t_difference,mean_d_scores,std_dscores,stdR,stdP,mR,mP
0,0.005856821350665786,-0.09550887340162455,0.06384946539653388,0.0058568213506656926,1.1578589034045368,0.9160061470419606,0.6995075783843672,1.230878084537571,1.2250212631869053
