,mean_diff,log_mean_diff,t_difference,mean_d_scores,std_dscores,stdR,stdP,mR,mP
0,-0.09893436627562602,-0.08120352843398773,-1.1530320398605804,-0.09893436627562628,0.9494283145043609,0.6732064569487417,0.7403489311725132,0.9219442917336312,1.0208786580092573
