,mean_diff,log_mean_diff,t_difference,mean_d_scores,std_dscores,stdR,stdP,mR,mP
0,-0.06200374065563907,-0.04504551365580203,-0.6355949453378277,-0.06200374065563909,1.3017235982364115,0.861632179025457,0.9655259789661892,1.1805826554666201,1.2425863961222592
