,mean_diff,log_mean_diff,t_difference,mean_d_scores,std_dscores,stdR,stdP,mR,mP
0,0.20800188509784312,0.21860830386548868,2.347379166956902,0.20800188509784293,0.9855568816982646,0.7227312166248471,0.7848102919102052,1.3775912693065022,1.169589384208659
