,mean_diff,log_mean_diff,t_difference,mean_d_scores,std_dscores,stdR,stdP,mR,mP
0,-0.1282777686131371,-0.17003013926975458,-1.3469122295046825,-0.12827776861313725,1.3026553560959662,0.9324861075323548,0.8090217163859559,1.013384791669508,1.1416625602826451
