,mean_diff,log_mean_diff,t_difference,mean_d_scores,std_dscores,stdR,stdP,mR,mP
0,0.3206511315674796,0.2828607895183124,3.3856724808975405,0.32065113156747965,1.2904669494414533,0.9197373258136868,0.8024361468798986,1.3729719115063483,1.0523207799388687
