,mean_diff,log_mean_diff,t_difference,mean_d_scores,std_dscores,stdR,stdP,mR,mP
0,-0.2857821284740105,-0.2936930280194053,-3.3876095482471014,-0.2857821284740106,1.0225555404435445,0.6669756239046012,0.6994458077443825,0.9258683766175229,1.2116505050915334
