,mean_diff,log_mean_diff,t_difference,mean_d_scores,std_dscores,stdR,stdP,mR,mP
0,-0.16836368268294066,-0.1989678103250115,-1.940508310621905,-0.16836368268294077,0.9982554972405636,0.7154451865927132,0.7298849157880756,1.0009485448909088,1.1693122275738494
