,mean_diff,log_mean_diff,t_difference,mean_d_scores,std_dscores,stdR,stdP,mR,mP
0,-0.27347659735592234,-0.16264418594570546,-2.8710904451916552,-0.27347659735592217,1.2833803506709756,0.7123931906774047,1.0296054683072524,1.1164165775407984,1.3898931748967207
