,mean_diff,log_mean_diff,t_difference,mean_d_scores,std_dscores,stdR,stdP,mR,mP
0,0.17025973114681303,0.07152482032516012,1.7393638292356755,0.17025973114681303,1.4052681787053116,1.0671305438287888,0.7725577557027855,1.360356994196809,1.190097263049996
