,mean_diff,log_mean_diff,t_difference,mean_d_scores,std_dscores,stdR,stdP,mR,mP
0,0.09706582614076464,0.1095119037135343,1.0312000496257945,0.09706582614076464,1.1946268267983733,0.8497899015921476,0.8513815607407934,1.32184147201037,1.2247756458696053
