,mean_diff,log_mean_diff,t_difference,mean_d_scores,std_dscores,stdR,stdP,mR,mP
0,-0.1345065580494782,-0.09427904543257931,-1.596158306727045,-0.1345065580494784,1.0282149083320797,0.6254706389789975,0.7379699632866457,1.0038005462531798,1.138307104302658
