,mean_diff,log_mean_diff,t_difference,mean_d_scores,std_dscores,stdR,stdP,mR,mP
0,0.13066842660168465,0.12673181132560335,1.4421187258104717,0.13066842660168457,1.1195772524689576,0.8340249924449085,0.7422809755284663,1.1313331813785217,1.000664754776837
