,mean_diff,log_mean_diff,t_difference,mean_d_scores,std_dscores,stdR,stdP,mR,mP
0,0.2807768328675698,0.19618113357254252,3.134229186546116,0.2807768328675701,1.059592775606766,0.9691732432840221,0.5716835219830636,1.21309474202557,0.9323179091580002
