,mean_diff,log_mean_diff,t_difference,mean_d_scores,std_dscores,stdR,stdP,mR,mP
0,0.09548157567432192,0.030177922966590873,0.9204738157221375,0.09548157567432197,1.4897977427954172,1.1626487223101287,0.903290332029544,1.2967451439950586,1.2012635683207367
