,mean_diff,log_mean_diff,t_difference,mean_d_scores,std_dscores,stdR,stdP,mR,mP
0,0.18280780024120147,0.17495039956352038,2.0226540204521264,0.1828078002412016,1.1161249111384353,0.84599198132627,0.7223742036346269,1.2125351567434701,1.0297273565022687
