,mean_diff,log_mean_diff,t_difference,mean_d_scores,std_dscores,stdR,stdP,mR,mP
0,0.13740421498425515,0.07383494815281533,1.5940214722870512,0.13740421498425512,0.9691223364846691,0.8193382538037685,0.6072971739305512,1.1738285293998616,1.0364243144156065
