,mean_diff,log_mean_diff,t_difference,mean_d_scores,std_dscores,stdR,stdP,mR,mP
0,-0.01028056573897107,0.05343673924996265,-0.11328682816950222,-0.010280565738970885,1.1003205810045202,0.7114315376583579,0.8697306601957778,1.1566334204473514,1.1669139861863225
