,mean_diff,log_mean_diff,t_difference,mean_d_scores,std_dscores,stdR,stdP,mR,mP
0,0.15346926149268358,0.1499227583034031,1.8588210969746761,0.1534692614926835,0.9551163198468292,0.6744896598709521,0.6342969688807205,1.1630823560105796,1.009613094517896
