,mean_diff,log_mean_diff,t_difference,mean_d_scores,std_dscores,stdR,stdP,mR,mP
0,0.1506900799028068,0.003571842851844781,1.69189520525452,0.15069007990280683,1.0321140918985443,0.9831147385352275,0.5399684893355144,1.2007641492141394,1.0500740693113326
