,mean_diff,log_mean_diff,t_difference,mean_d_scores,std_dscores,stdR,stdP,mR,mP
0,-0.18230216303880598,-0.12747666837904245,-1.831769960186528,-0.18230216303880595,1.348189085933453,0.9095004467359479,0.9922039334337964,1.1490802939369045,1.3313824569757104
