,mean_diff,log_mean_diff,t_difference,mean_d_scores,std_dscores,stdR,stdP,mR,mP
0,-0.0826551970105871,-0.033834320619717875,-0.7858258008712302,-0.08265519701058742,1.5709058624702281,1.0054093463267726,1.1187592884621531,1.2930839903425764,1.3757391873531635
