,mean_diff,log_mean_diff,t_difference,mean_d_scores,std_dscores,stdR,stdP,mR,mP
0,-0.3941833491774297,-0.19520773586780132,-3.994094170954301,-0.3941833491774294,1.4473894584573719,0.558528490889496,1.3115557847062702,0.9130753410626947,1.3072586902401244
