,mean_diff,log_mean_diff,t_difference,mean_d_scores,std_dscores,stdR,stdP,mR,mP
0,0.09373433020287569,0.06420748427338742,0.9172429014940425,0.09373433020287562,1.4428149985725272,1.018718070068984,0.9863534604110827,1.4121118470933507,1.318377516890475
