,mean_diff,log_mean_diff,t_difference,mean_d_scores,std_dscores,stdR,stdP,mR,mP
0,0.17050064807777776,0.1322478926620001,1.7560275687301923,0.17050064807777807,1.3308985458646037,0.9633697788694817,0.8466804939624654,1.3984570267873473,1.2279563787095695
