,mean_diff,log_mean_diff,t_difference,mean_d_scores,std_dscores,stdR,stdP,mR,mP
0,0.045168982232008714,0.09197424664855511,0.5178979621227788,0.04516898223200886,1.0689373752051778,0.6453930146556395,0.815079655326005,1.0987997674972856,1.0536307852652769
