,mean_diff,log_mean_diff,t_difference,mean_d_scores,std_dscores,stdR,stdP,mR,mP
0,-0.29913716786481703,-0.25675881802828504,-3.5982129474403033,-0.2991371678648172,0.989195571707564,0.5137120649019933,0.8132797985634928,0.8511179543006312,1.1502551221654482
