,mean_diff,log_mean_diff,t_difference,mean_d_scores,std_dscores,stdR,stdP,mR,mP
0,0.3340176520414928,0.3186688319024167,3.9272661136523532,0.33401765204149286,1.0188706654967978,0.7397178934194562,0.6491450988302064,1.3148884031178898,0.980870751076397
