,mean_diff,log_mean_diff,t_difference,mean_d_scores,std_dscores,stdR,stdP,mR,mP
0,-0.22625504490070536,-0.23202965258702676,-2.825403258217613,-0.22625504490070536,0.8568321100020987,0.5745241692104804,0.6566993095363058,0.8838560240143164,1.1101110689150218
