,mean_diff,log_mean_diff,t_difference,mean_d_scores,std_dscores,stdR,stdP,mR,mP
0,-0.09592049080458209,0.008632412161626982,-1.0093617521493001,-0.09592049080458219,1.1242559436926078,0.6947485377219078,1.0391765302433351,1.0577327576936828,1.153653248498265
