,mean_diff,log_mean_diff,t_difference,mean_d_scores,std_dscores,stdR,stdP,mR,mP
0,-0.15716795979430587,-0.13984395960574164,-1.888787565875365,-0.15716795979430562,1.0365207916211456,0.5898202339672931,0.7396022813465334,0.9507486236065796,1.1079165834008855
