,mean_diff,log_mean_diff,t_difference,mean_d_scores,std_dscores,stdR,stdP,mR,mP
0,0.26667948736120195,0.22984063837208907,2.7668823037219603,0.2666794873612019,1.2943144265387825,0.9115237657913704,0.8720828741830974,1.379081446537943,1.1124019591767411
