,mean_diff,log_mean_diff,t_difference,mean_d_scores,std_dscores,stdR,stdP,mR,mP
0,-0.3077503623648513,-0.09565750092649605,-3.4461807412605707,-0.30775036236485115,1.2274069320923542,0.417906079496605,1.113259904935576,0.930681505290602,1.2384318676554533
