,mean_diff,log_mean_diff,t_difference,mean_d_scores,std_dscores,stdR,stdP,mR,mP
0,0.009355875397514035,0.004104647128808314,0.10270548625913217,0.009355875397514068,1.0961198766877034,0.8212017171141305,0.7720441511662302,1.2706167535697235,1.2612608781722094
