,mean_diff,log_mean_diff,t_difference,mean_d_scores,std_dscores,stdR,stdP,mR,mP
0,-0.4193954911230918,-0.3514435348314753,-4.414167146345842,-0.41939549112309193,1.3333285041656748,0.6624819660129097,1.0707280684952678,0.9036961604668011,1.323091651589893
