,mean_diff,log_mean_diff,t_difference,mean_d_scores,std_dscores,stdR,stdP,mR,mP
0,-0.4890285311960785,-0.3391492978063265,-4.834003972556308,-0.4890285311960785,1.4580139083932548,0.7806463525067205,1.1843222630484371,1.0681585468879424,1.557187078084021
