,mean_diff,log_mean_diff,t_difference,mean_d_scores,std_dscores,stdR,stdP,mR,mP
0,-0.4216686342356022,-0.23409610883668666,-3.937686344565596,-0.42166863423560225,1.4932254899170547,0.8005954691386717,1.401121979100807,1.1337548706443628,1.555423504879965
