,mean_diff,log_mean_diff,t_difference,mean_d_scores,std_dscores,stdR,stdP,mR,mP
0,-0.06412167313926354,-0.02348909617731306,-0.6944058239611365,-0.06412167313926358,1.1297590119840335,0.7691314762240515,0.8680024612071883,1.1684580666393767,1.2325797397786402
