,mean_diff,log_mean_diff,t_difference,mean_d_scores,std_dscores,stdR,stdP,mR,mP
0,0.018605005264388463,-0.012743771829491053,0.1802976709801644,0.018605005264388495,1.4061135665797426,1.1435475011756335,0.9009217812639468,1.3110732708090629,1.2924682655446744
