,mean_diff,log_mean_diff,t_difference,mean_d_scores,std_dscores,stdR,stdP,mR,mP
0,0.13572900605082316,0.22945124760478158,1.4616623760877687,0.13572900605082325,1.1926948823246046,0.7036309630169114,0.9519576469263985,1.424338842620693,1.28860983656987
