,mean_diff,log_mean_diff,t_difference,mean_d_scores,std_dscores,stdR,stdP,mR,mP
0,-0.13104593423660282,-0.09179773595791242,-1.4905270579875645,-0.13104593423660274,1.0776287784215606,0.6889352089577626,0.7951833727943279,1.1445493621895981,1.275595296426201
