,mean_diff,log_mean_diff,t_difference,mean_d_scores,std_dscores,stdR,stdP,mR,mP
0,-0.36202847715355824,-0.1394262439344424,-3.4650945150726034,-0.3620284771535584,1.6493420066569984,0.660692882257182,1.4351393998382551,1.111856129594785,1.4738846067483433
