,mean_diff,log_mean_diff,t_difference,mean_d_scores,std_dscores,stdR,stdP,mR,mP
0,-0.15584408819708617,-0.12168552010050425,-1.5999675208452524,-0.15584408819708637,1.393273955766568,0.8199179930690563,1.0017094492783876,1.1403319065058526,1.2961759947029388
