,mean_diff,log_mean_diff,t_difference,mean_d_scores,std_dscores,stdR,stdP,mR,mP
0,0.08856234411080055,0.031635208499783074,0.7969570012801319,0.08856234411080023,1.6604483231082647,1.3081391141910343,1.0628505154807633,1.5122422115416885,1.423679867430888
