,mean_diff,log_mean_diff,t_difference,mean_d_scores,std_dscores,stdR,stdP,mR,mP
0,0.026443052604598893,0.004150536626346013,0.2889618584392209,0.02644305260459889,1.1486789844672822,0.8595918320903637,0.7482501456244669,1.0926968272709974,1.0662537746663985
