,mean_diff,log_mean_diff,t_difference,mean_d_scores,std_dscores,stdR,stdP,mR,mP
0,-0.2517901068205539,-0.18779887671083542,-2.889175063001695,-0.2517901068205541,1.0025313173558852,0.6345141579839484,0.8237319883458467,1.1139841895213651,1.365774296341919
