,mean_diff,log_mean_diff,t_difference,mean_d_scores,std_dscores,stdR,stdP,mR,mP
0,-0.23359129950271207,-0.17239880765401724,-2.4607137041983935,-0.23359129950271215,1.2069960177577412,0.7669310679137945,0.9632532776750011,1.050830903089033,1.284422202591745
