,mean_diff,log_mean_diff,t_difference,mean_d_scores,std_dscores,stdR,stdP,mR,mP
0,0.06405389369077419,0.016567682169604483,0.7514234355755586,0.06405389369077405,1.0401723059270154,0.7661872755698932,0.6289689018304268,1.246122595385905,1.1820687016951308
