,mean_diff,log_mean_diff,t_difference,mean_d_scores,std_dscores,stdR,stdP,mR,mP
0,-0.03834424571371531,-0.0322500336640409,-0.39602581155748473,-0.038344245713715204,1.3390335845948447,0.900500985145548,0.8994249777276339,1.277002144246247,1.3153463899599622
