,mean_diff,log_mean_diff,t_difference,mean_d_scores,std_dscores,stdR,stdP,mR,mP
0,0.211678074228145,0.1241279070331249,2.1100924714860887,0.21167807422814536,1.409567213311952,1.106608506385646,0.8255822688041579,1.3552867779765523,1.1436087037484073
