,mean_diff,log_mean_diff,t_difference,mean_d_scores,std_dscores,stdR,stdP,mR,mP
0,-0.07129227275557426,-0.056528951901305,-0.8536369929740201,-0.07129227275557413,0.990540467579888,0.684259425852874,0.6549228540713653,1.0342761236035714,1.1055683963591456
