,mean_diff,log_mean_diff,t_difference,mean_d_scores,std_dscores,stdR,stdP,mR,mP
0,0.04400232239422963,0.10702858026584278,0.4199107559699338,0.04400232239422978,1.5757196069862724,0.9524336485886525,1.1558955707169953,1.2786780575329266,1.234675735138697
