,mean_diff,log_mean_diff,t_difference,mean_d_scores,std_dscores,stdR,stdP,mR,mP
0,0.061702008956533105,0.05859574066930856,0.6713442436373529,0.06170200895653303,1.170462014096219,0.87136342474935,0.7504813976603081,1.0265958084255524,0.9648937994690193
