,mean_diff,log_mean_diff,t_difference,mean_d_scores,std_dscores,stdR,stdP,mR,mP
0,-0.3635719448399233,-0.3169529261615049,-4.1710314460121936,-0.3635719448399232,1.0792399641389985,0.659623349237614,0.7991742075289835,1.0591602952010681,1.4227322400409914
