,mean_diff,log_mean_diff,t_difference,mean_d_scores,std_dscores,stdR,stdP,mR,mP
0,0.21588627361935098,0.21128182050978808,2.391961370117236,0.21588627361935106,1.1379769544692657,0.822826588752761,0.7411958004922682,1.2405382244286722,1.0246519508093213
