,mean_diff,log_mean_diff,t_difference,mean_d_scores,std_dscores,stdR,stdP,mR,mP
0,-0.13650688009531264,-0.056569519832860335,-1.5186190528000625,-0.13650688009531256,1.1841776684089713,0.6108212264606323,0.9405388890068375,1.101074762158241,1.2375816422535537
