,mean_diff,log_mean_diff,t_difference,mean_d_scores,std_dscores,stdR,stdP,mR,mP
0,0.0720799853999674,0.12708411159698196,0.7621530985542415,0.0720799853999674,1.2447514974461709,0.8324216170753289,0.8848783812537738,1.2409878570348833,1.168907871634916
