,mean_diff,log_mean_diff,t_difference,mean_d_scores,std_dscores,stdR,stdP,mR,mP
0,0.008037383759542882,0.013306187278201292,0.09856262334848823,0.008037383759542998,0.8392696602814151,0.6447933820767064,0.6319573935176502,1.0289960462579888,1.020958662498446
