,mean_diff,log_mean_diff,t_difference,mean_d_scores,std_dscores,stdR,stdP,mR,mP
0,0.1311977552217829,0.1618106595964012,1.324824404531065,0.13119775522178315,1.3551649927890965,0.91170650544142,0.9712374693407478,1.2803697914249093,1.1491720362031264
