,mean_diff,log_mean_diff,t_difference,mean_d_scores,std_dscores,stdR,stdP,mR,mP
0,-0.09560622598781454,-0.03538326431247958,-0.9835921646296268,-0.09560622598781472,1.3448928297999205,0.7744672420337645,1.0395585503360305,1.069766276289044,1.1653725022768586
