,mean_diff,log_mean_diff,t_difference,mean_d_scores,std_dscores,stdR,stdP,mR,mP
0,0.042149930622882525,-0.016530718125097155,0.44159495850455843,0.04214993062288266,1.2383744274596988,0.9411967270587005,0.8080325749334526,1.1614955777385105,1.119345647115628
