,mean_diff,log_mean_diff,t_difference,mean_d_scores,std_dscores,stdR,stdP,mR,mP
0,0.273842505018175,0.2983304406358549,3.044744528484314,0.2738425050181751,1.0427081091179733,0.8051247841621516,0.7479816867124217,1.297966736082892,1.024124231064717
