,mean_diff,log_mean_diff,t_difference,mean_d_scores,std_dscores,stdR,stdP,mR,mP
0,0.22384326078874173,0.2237951454797394,2.1319375523303,0.22384326078874164,1.5905339361184043,1.0679891246059656,1.048618310088369,1.3524685853542622,1.1286253245655204
