,mean_diff,log_mean_diff,t_difference,mean_d_scores,std_dscores,stdR,stdP,mR,mP
0,-0.07900539694338726,-0.03954696349604883,-0.7788580986192476,-0.0790053969433875,1.3923821262291223,0.9454163437216614,1.0301793342630412,1.1913142325269792,1.2703196294703665
