,mean_diff,log_mean_diff,t_difference,mean_d_scores,std_dscores,stdR,stdP,mR,mP
0,-0.1817354693224953,-0.2028654548222008,-1.9686831690182387,-0.18173546932249518,1.227216403501387,0.8098528003200935,0.826319235210426,1.0128229036137524,1.1945583729362477
