,mean_diff,log_mean_diff,t_difference,mean_d_scores,std_dscores,stdR,stdP,mR,mP
0,-0.1381230152402917,-0.0775832585859518,-1.387882586468288,-0.1381230152402916,1.3540929569231055,0.8605088225022114,1.0411293039813239,1.0915765404482942,1.229699555688586
