,mean_diff,log_mean_diff,t_difference,mean_d_scores,std_dscores,stdR,stdP,mR,mP
0,-0.13063303096725187,-0.13035594758225688,-1.3974970179018689,-0.13063303096725182,1.201213757063816,0.8446343764265978,0.8330314420880205,1.099114791883886,1.2297478228511378
