,mean_diff,log_mean_diff,t_difference,mean_d_scores,std_dscores,stdR,stdP,mR,mP
0,-0.031539991991157645,-0.0979783433084841,-0.34981627621213696,-0.0315399919911576,1.1582599192809244,0.8753726221501692,0.6854169732951254,1.1441183543177467,1.1756583463089043
