,mean_diff,log_mean_diff,t_difference,mean_d_scores,std_dscores,stdR,stdP,mR,mP
0,0.04157964572089301,0.09185167234937106,0.4371313198403543,0.041579645720892934,1.2495083932806925,0.7970009726908137,0.9401555427021696,1.2307780387984304,1.1891983930775374
