,mean_diff,log_mean_diff,t_difference,mean_d_scores,std_dscores,stdR,stdP,mR,mP
0,0.07720199887147117,-0.04699348085246091,0.8288520921220697,0.07720199887147124,1.2651704871504712,1.0679038833692251,0.597824717220131,1.1805448344900074,1.1033428356185362
