,mean_diff,log_mean_diff,t_difference,mean_d_scores,std_dscores,stdR,stdP,mR,mP
0,-0.10729043793984117,-0.008703521867601705,-1.146155112415517,-0.10729043793984121,1.3085971657654885,0.6823565134778923,1.000071429804316,1.0821485805795328,1.189439018519374
