,mean_diff,log_mean_diff,t_difference,mean_d_scores,std_dscores,stdR,stdP,mR,mP
0,0.10222471180201076,0.08451697231126787,1.1622161417629318,0.102224711802011,1.107542551208576,0.7886669314046757,0.6967186791979495,1.118003172221224,1.0157784604192133
