,mean_diff,log_mean_diff,t_difference,mean_d_scores,std_dscores,stdR,stdP,mR,mP
0,-0.1539334808824655,-0.09528888636276103,-1.542780313806722,-0.15393348088246542,1.3113834669566975,0.8719926554309634,1.0394410147751976,1.1152669770732355,1.269200457955701
