,mean_diff,log_mean_diff,t_difference,mean_d_scores,std_dscores,stdR,stdP,mR,mP
0,-0.08511112896568884,-0.09108410272997466,-0.9052352225197825,-0.08511112896568895,1.2060260455122078,0.8908683587357047,0.806402065358879,0.9936836530702807,1.0787947820359696
