,mean_diff,log_mean_diff,t_difference,mean_d_scores,std_dscores,stdR,stdP,mR,mP
0,-0.22922132500657555,-0.11590474345201214,-2.6301171073370235,-0.22922132500657558,1.1236095702873719,0.513755559412361,0.9445921832341372,0.9379578415558001,1.1671791665623756
