,mean_diff,log_mean_diff,t_difference,mean_d_scores,std_dscores,stdR,stdP,mR,mP
0,0.05029573640925089,-0.034156039609532424,0.5319008018239394,0.05029573640925105,1.3267779411176153,1.0355355710223455,0.6811955544923677,1.2539081138067254,1.2036123773974745
