,mean_diff,log_mean_diff,t_difference,mean_d_scores,std_dscores,stdR,stdP,mR,mP
0,-0.16942627623260342,-0.05165942928382729,-1.820882684254665,-0.1694262762326033,1.2071848594903045,0.6003591491213466,1.0619003680756307,0.9705731173265778,1.1399993935591812
