,mean_diff,log_mean_diff,t_difference,mean_d_scores,std_dscores,stdR,stdP,mR,mP
0,-0.2136538382721498,-0.13771542741056236,-2.0800332869219065,-0.21365383827215,1.5129210114588203,0.9328093608940383,1.0929229588487905,1.0879623421743678,1.3016161804465176
