,mean_diff,log_mean_diff,t_difference,mean_d_scores,std_dscores,stdR,stdP,mR,mP
0,0.09882978140124177,-0.0008812137133666301,1.023282588754248,0.09882978140124167,1.2628687019932727,1.0015641487554596,0.7893952026209416,1.253068572636962,1.1542387912357202
