,mean_diff,log_mean_diff,t_difference,mean_d_scores,std_dscores,stdR,stdP,mR,mP
0,-0.06592215750994024,-0.006899241802331743,-0.729309141846252,-0.06592215750994042,1.0909701691956948,0.7051542179083214,0.8635488248931672,1.0966519245520379,1.162574082061978
