,mean_diff,log_mean_diff,t_difference,mean_d_scores,std_dscores,stdR,stdP,mR,mP
0,0.24552743104732921,0.1857203867040367,2.7317935445894768,0.24552743104732924,1.1843158431736518,0.877655196373639,0.6733223820097661,1.2997558048607027,1.0542283738133735
