,mean_diff,log_mean_diff,t_difference,mean_d_scores,std_dscores,stdR,stdP,mR,mP
0,-0.16309923202766397,-0.1848624715813874,-1.9424794687252793,-0.1630992320276639,0.8824642005785353,0.7017784375765594,0.6518273001340266,0.974196711673614,1.137295943701278
