,mean_diff,log_mean_diff,t_difference,mean_d_scores,std_dscores,stdR,stdP,mR,mP
0,0.4146014203168227,0.31739709109658076,4.31950611803967,0.4146014203168226,1.2763768455142928,1.0384782809493356,0.7303864098714956,1.4539860217027822,1.0393846013859596
