,mean_diff,log_mean_diff,t_difference,mean_d_scores,std_dscores,stdR,stdP,mR,mP
0,-0.06775178472059018,-0.0010790258691265493,-0.7291758359821863,-0.06775178472059028,1.1316332339795638,0.7282779551269741,0.9293160678390548,1.1493639526090556,1.2171157373296457
