,mean_diff,log_mean_diff,t_difference,mean_d_scores,std_dscores,stdR,stdP,mR,mP
0,-0.19681937997891752,-0.1902266940112281,-2.3587623079709608,-0.19681937997891752,0.981032647397362,0.602773408346644,0.7340332154119105,0.8686105454703252,1.0654299254492428
