,mean_diff,log_mean_diff,t_difference,mean_d_scores,std_dscores,stdR,stdP,mR,mP
0,0.008845509036965238,0.038497008063182875,0.09385080298320007,0.008845509036964983,1.2710688742420344,0.8145342739601876,0.8910410505085812,1.3113853687649035,1.3025398597279383
