,mean_diff,log_mean_diff,t_difference,mean_d_scores,std_dscores,stdR,stdP,mR,mP
0,-0.11184029109518323,0.013901294532306912,-1.2214059726418787,-0.11184029109518312,1.1660684511663417,0.5850205135006401,1.0248010021544276,1.1176426331880984,1.2294829242832817
