,mean_diff,log_mean_diff,t_difference,mean_d_scores,std_dscores,stdR,stdP,mR,mP
0,-0.18023331632212392,-0.21271141851589162,-1.8038920871716182,-0.18023331632212378,1.389787876809825,0.9667886125339896,0.9498942925328155,1.0456402550847412,1.2258735714068651
