,mean_diff,log_mean_diff,t_difference,mean_d_scores,std_dscores,stdR,stdP,mR,mP
0,0.1399288575612544,0.08109989682305732,1.6999457785483103,0.1399288575612545,0.9781939367676444,0.7316971873895015,0.5692080638665401,1.1011942354808806,0.9612653779196262
