,mean_diff,log_mean_diff,t_difference,mean_d_scores,std_dscores,stdR,stdP,mR,mP
0,0.1834520549595149,0.1151730823824945,1.6519133246378332,0.18345205495951436,1.69414621450974,1.3557182297873756,1.0122282265729938,1.454518491535034,1.271066436575519
