,mean_diff,log_mean_diff,t_difference,mean_d_scores,std_dscores,stdR,stdP,mR,mP
0,-0.2005030166514865,-0.13468123502274837,-2.179568416782185,-0.2005030166514864,1.1843858845154198,0.7090655805598162,0.9157423823382139,1.0726044307038,1.2731074473552866
