,mean_diff,log_mean_diff,t_difference,mean_d_scores,std_dscores,stdR,stdP,mR,mP
0,0.027136694660022664,0.08446374503762294,0.28806235486786946,0.02713669466002255,1.231098900952754,0.7906140444930135,0.9132781421964347,1.1377853226655104,1.1106486280054877
