,mean_diff,log_mean_diff,t_difference,mean_d_scores,std_dscores,stdR,stdP,mR,mP
0,0.29037076024798125,0.17619290609301508,2.80437585696452,0.2903707602479814,1.5291891098446715,1.286763892427618,0.771658761375752,1.3450595255634934,1.0546887653155121
