,mean_diff,log_mean_diff,t_difference,mean_d_scores,std_dscores,stdR,stdP,mR,mP
0,-0.09359143779955459,-0.05213066277707269,-0.93821040474863,-0.09359143779955448,1.3415513211571557,0.8887254974763965,1.021888596823626,1.2963943773206916,1.3899858151202462
