,mean_diff,log_mean_diff,t_difference,mean_d_scores,std_dscores,stdR,stdP,mR,mP
0,-0.01786354584922978,-0.0969933451044431,-0.19261816143745492,-0.01786354584922989,1.2152709802557211,0.8729611317681163,0.7784001598170941,1.177586258337868,1.1954498041870978
