,mean_diff,log_mean_diff,t_difference,mean_d_scores,std_dscores,stdR,stdP,mR,mP
0,-0.10068694665574007,0.010607956437466898,-1.0652566424956806,-0.1006869466557402,1.3171549760609942,0.6228910378265516,1.0924049383494134,1.004026167259364,1.104713113915104
