,mean_diff,log_mean_diff,t_difference,mean_d_scores,std_dscores,stdR,stdP,mR,mP
0,-0.16243595142834621,-0.1834692479292597,-1.713256487415898,-0.16243595142834608,1.1940792048319187,0.8449427612935658,0.8809776775624925,1.088998188056619,1.2514341394849653
