,mean_diff,log_mean_diff,t_difference,mean_d_scores,std_dscores,stdR,stdP,mR,mP
0,-0.3085364852419782,-0.20882707498505404,-3.410345585371281,-0.30853648524197813,1.169333216016707,0.5512381835844802,1.0202731013946826,0.8870530673650628,1.195589552607041
