,mean_diff,log_mean_diff,t_difference,mean_d_scores,std_dscores,stdR,stdP,mR,mP
0,0.23691875218249403,0.17548658033439618,2.559517240161014,0.23691875218249403,1.1763168494137777,0.9026857822189767,0.7423827066139245,1.2995952561401776,1.0626765039576835
