,mean_diff,log_mean_diff,t_difference,mean_d_scores,std_dscores,stdR,stdP,mR,mP
0,0.09802552957366695,0.06662977303773285,1.0677887181373686,0.09802552957366695,1.128030566143828,0.8811953296505737,0.7369181181454709,1.2519925691541183,1.1539670395804513
