,mean_diff,log_mean_diff,t_difference,mean_d_scores,std_dscores,stdR,stdP,mR,mP
0,-0.4903486251327328,-0.22382053998825518,-4.907288133767398,-0.49034862513273286,1.5634332464526437,0.4701192367200708,1.44690690626278,0.8862701693887681,1.376618794521501
