,mean_diff,log_mean_diff,t_difference,mean_d_scores,std_dscores,stdR,stdP,mR,mP
0,-0.18747760897578247,-0.13070114728336418,-2.0782747443129312,-0.18747760897578233,1.0856767705626955,0.6700673310458161,0.8923394702381215,0.9742960264242869,1.1617736354000694
