,mean_diff,log_mean_diff,t_difference,mean_d_scores,std_dscores,stdR,stdP,mR,mP
0,-0.06529084588342848,-0.025561578753768764,-0.734471680028174,-0.06529084588342844,1.145999490365785,0.6954398860584892,0.8218050948336597,1.0683639783581258,1.1336548242415543
