,mean_diff,log_mean_diff,t_difference,mean_d_scores,std_dscores,stdR,stdP,mR,mP
0,-0.289286601056275,-0.22243076965547037,-3.057412580874051,-0.2892866010562751,1.3239210484198924,0.6709576852575035,1.0479389826467904,0.9975082335933664,1.2867948346496414
