,mean_diff,log_mean_diff,t_difference,mean_d_scores,std_dscores,stdR,stdP,mR,mP
0,0.11330220430194338,0.27429104202685667,1.0334297679532551,0.1133022043019437,1.6627224355288344,1.0304111602863721,1.27748366056993,1.2045518720535073,1.091249667751564
