,mean_diff,log_mean_diff,t_difference,mean_d_scores,std_dscores,stdR,stdP,mR,mP
0,0.04892801408559899,0.0180088987990736,0.5679674906669863,0.04892801408559916,1.0775315127507248,0.7606448085689927,0.6642061853829956,1.124731174649064,1.075803160563465
