,mean_diff,log_mean_diff,t_difference,mean_d_scores,std_dscores,stdR,stdP,mR,mP
0,0.09128311673962197,0.036710664222530894,1.1077267802304482,0.0912831167396222,0.9134925266680447,0.6972988034149633,0.6065187938209697,1.1905673094204499,1.0992841926808279
