,mean_diff,log_mean_diff,t_difference,mean_d_scores,std_dscores,stdR,stdP,mR,mP
0,0.1346757789976345,0.06407229517750516,1.5131192802167746,0.13467577899763453,1.0190711863684978,0.9217206045182827,0.5992957756167951,1.1333049718049053,0.9986291928072708
