,mean_diff,log_mean_diff,t_difference,mean_d_scores,std_dscores,stdR,stdP,mR,mP
0,-0.08251496294836169,-0.046787398963487783,-0.9524936777640552,-0.08251496294836168,1.041280212687488,0.7108740522840528,0.7300544874468063,1.148543357661099,1.2310583206094607
