,mean_diff,log_mean_diff,t_difference,mean_d_scores,std_dscores,stdR,stdP,mR,mP
0,-0.19864478732350044,-0.10886931794556234,-2.0656382477926294,-0.19864478732350035,1.3195683360790451,0.7286789641363839,1.0469288270754147,1.10260875603442,1.3012535433579204
