,mean_diff,log_mean_diff,t_difference,mean_d_scores,std_dscores,stdR,stdP,mR,mP
0,-0.2351403351030894,-0.06967234332089914,-2.4593771152786457,-0.2351403351030895,1.2680363977061686,0.5977656421271826,1.1573479887519986,1.0092614190887392,1.2444017541918286
