,mean_diff,log_mean_diff,t_difference,mean_d_scores,std_dscores,stdR,stdP,mR,mP
0,-0.15681897050589044,-0.02374712778753174,-1.4516258216156814,-0.15681897050589036,1.7153813254839712,0.9468054299554544,1.2939221303481236,1.323282269695303,1.4801012402011935
