,mean_diff,log_mean_diff,t_difference,mean_d_scores,std_dscores,stdR,stdP,mR,mP
0,-0.1307544416408064,-0.12718862768407652,-1.4283698108449376,-0.1307544416408062,1.0523179129876785,0.8055644345137442,0.8033494679755452,1.0896986226462984,1.2204530642871048
