,mean_diff,log_mean_diff,t_difference,mean_d_scores,std_dscores,stdR,stdP,mR,mP
0,-0.12126115176380203,-0.07785727967824793,-1.2077036676345847,-0.12126115176380196,1.426090954826636,0.9320735139592808,1.0035631342295124,1.1415560627314056,1.2628172144952077
