,mean_diff,log_mean_diff,t_difference,mean_d_scores,std_dscores,stdR,stdP,mR,mP
0,-0.09109742195740944,-0.06904724823434082,-0.9942259558616441,-0.09109742195740939,1.2321377704814445,0.7289751344324114,0.8829438426580096,1.0488585027695259,1.1399559247269353
