,mean_diff,log_mean_diff,t_difference,mean_d_scores,std_dscores,stdR,stdP,mR,mP
0,-0.025161137871571926,-0.052242793012161746,-0.32190675042652206,-0.025161137871571926,0.8696009193009375,0.6486712582284619,0.5243384747864706,1.0615940265505492,1.0867551644221212
