,mean_diff,log_mean_diff,t_difference,mean_d_scores,std_dscores,stdR,stdP,mR,mP
0,0.03639939092636291,0.0677406243527147,0.36415215885256086,0.03639939092636283,1.4175596167118085,0.8925418249187586,1.025789789030699,1.1987879160050645,1.1623885250787016
