,mean_diff,log_mean_diff,t_difference,mean_d_scores,std_dscores,stdR,stdP,mR,mP
0,-0.3337203067743967,-0.25314688227175935,-4.280344840140771,-0.3337203067743966,0.8680181123342519,0.3955546152811596,0.7715478312653214,0.8770350259157639,1.2107553326901606
