,mean_diff,log_mean_diff,t_difference,mean_d_scores,std_dscores,stdR,stdP,mR,mP
0,0.2302016374325737,0.1642542598119747,2.596051768135175,0.23020163743257369,1.0517490471497182,0.8486103804405927,0.6610920303763855,1.334611714603111,1.1044100771705372
