,mean_diff,log_mean_diff,t_difference,mean_d_scores,std_dscores,stdR,stdP,mR,mP
0,-0.038857584624532704,0.017959033556536788,-0.3871547720488999,-0.0388575846245327,1.280408654215197,0.8624588558950467,1.0716619564769914,1.1069981709475842,1.145855755572117
