,mean_diff,log_mean_diff,t_difference,mean_d_scores,std_dscores,stdR,stdP,mR,mP
0,-0.032549079933160474,0.08944298369790991,-0.344679120471934,-0.03254907993316038,1.2674687048060964,0.6974578505398723,1.0147193523493718,1.2380410967168174,1.2705901766499779
