,mean_diff,log_mean_diff,t_difference,mean_d_scores,std_dscores,stdR,stdP,mR,mP
0,0.050488989631480186,0.054943148710270534,0.6142183562285944,0.050488989631480304,0.9462130293517329,0.6450167439264037,0.6523089082658862,1.105513237306736,1.0550242476752558
