,mean_diff,log_mean_diff,t_difference,mean_d_scores,std_dscores,stdR,stdP,mR,mP
0,-0.20226452749110058,-0.14335632969747536,-2.0959662100677563,-0.2022645274911005,1.3412355503602917,0.8042559717145269,0.9837630034008159,1.1817641106801264,1.384028638171227
