,mean_diff,log_mean_diff,t_difference,mean_d_scores,std_dscores,stdR,stdP,mR,mP
0,-0.020802079869408407,-0.026657958574101095,-0.20503327807142116,-0.020802079869408418,1.364584727050025,1.0010469903377013,0.9753129264207243,1.2130732643950113,1.2338753442644197
