,mean_diff,log_mean_diff,t_difference,mean_d_scores,std_dscores,stdR,stdP,mR,mP
0,-0.11371342743699153,-0.11005143281111729,-1.1955882747310025,-0.11371342743699152,1.2015880614237244,0.8698266391960116,0.8670198450499564,1.085935369314857,1.1996487967518485
