,mean_diff,log_mean_diff,t_difference,mean_d_scores,std_dscores,stdR,stdP,mR,mP
0,-0.09447646800033249,-0.07270424098014269,-0.9619654115439784,-0.0944764680003324,1.3492029867782422,0.8833323531168825,0.9686191630436355,1.2738588893618596,1.3683353573621921
