,mean_diff,log_mean_diff,t_difference,mean_d_scores,std_dscores,stdR,stdP,mR,mP
0,0.24242786743507994,0.20291753317190164,2.30263761021668,0.24242786743508002,1.613760134332571,1.1348090751965818,0.993404078586623,1.410502820684772,1.1680749532496921
