,mean_diff,log_mean_diff,t_difference,mean_d_scores,std_dscores,stdR,stdP,mR,mP
0,0.14826871115326545,0.1478069024747924,1.4762368642924637,0.14826871115326512,1.4501884582961857,1.0074413274857166,0.9293737667183322,1.3592292056241841,1.2109604944709187
