,mean_diff,log_mean_diff,t_difference,mean_d_scores,std_dscores,stdR,stdP,mR,mP
0,0.15563233276739075,0.12374595678667684,1.7255988249550556,0.15563233276739094,1.0414626758043386,0.8597880211983512,0.7019968452127733,1.1819279987390543,1.0262956659716636
