,mean_diff,log_mean_diff,t_difference,mean_d_scores,std_dscores,stdR,stdP,mR,mP
0,0.02333868015499463,0.04854458818944133,0.24919472883030291,0.023338680154994716,1.2505353472151597,0.7805047023710804,0.9036272287405016,1.2700916899148862,1.2467530097598916
