,mean_diff,log_mean_diff,t_difference,mean_d_scores,std_dscores,stdR,stdP,mR,mP
0,-0.06746227964317675,-0.02440762836465254,-0.761009518386324,-0.06746227964317654,1.1673935258842387,0.6660368880725797,0.842802720336818,1.1019805618861254,1.1694428415293021
