,mean_diff,log_mean_diff,t_difference,mean_d_scores,std_dscores,stdR,stdP,mR,mP
0,-0.2741305019621123,-0.18275673705106998,-2.94329141934087,-0.27413050196211236,1.2583446926851527,0.6219910907495042,1.0435272621888987,1.0372796320870907,1.311410134049203
