,mean_diff,log_mean_diff,t_difference,mean_d_scores,std_dscores,stdR,stdP,mR,mP
0,0.1655448944912945,0.057091145358359775,1.6535351621987273,0.16554489449129448,1.4337623766404577,1.131012955895898,0.7934339881860869,1.2804342736889953,1.1148893791977008
