,mean_diff,log_mean_diff,t_difference,mean_d_scores,std_dscores,stdR,stdP,mR,mP
0,0.12017591430511354,0.1510470614825004,1.3819565911027996,0.1201759143051137,1.0119630250683034,0.7245402326841717,0.7273951723046356,1.2018563130227322,1.0816803987176187
