,mean_diff,log_mean_diff,t_difference,mean_d_scores,std_dscores,stdR,stdP,mR,mP
0,0.16547446360555318,0.007614331734451439,1.7941707414526826,0.1654744636055532,1.2526640676285343,1.0240254369078494,0.6091605781919999,1.2526931589737484,1.0872186953681953
