,mean_diff,log_mean_diff,t_difference,mean_d_scores,std_dscores,stdR,stdP,mR,mP
0,-0.2906978511729399,-0.05988909213246253,-2.945928465720807,-0.2906978511729399,1.3890442077818927,0.56563142325475,1.3039331841655595,1.0346781934747709,1.3253760446477107
