,mean_diff,log_mean_diff,t_difference,mean_d_scores,std_dscores,stdR,stdP,mR,mP
0,-0.011996769985193723,-0.10578093005405281,-0.1278166300253328,-0.011996769985193624,1.2611568324724085,1.018988125514002,0.6724463070535838,1.1465924557682385,1.1585892257534323
