,mean_diff,log_mean_diff,t_difference,mean_d_scores,std_dscores,stdR,stdP,mR,mP
0,-0.0046524872187974076,0.0115442793366732,-0.048937985722989887,-0.004652487218797324,1.2036667699004175,0.782674043793961,0.9526453734287516,1.1410472846718547,1.145699771890652
