,mean_diff,log_mean_diff,t_difference,mean_d_scores,std_dscores,stdR,stdP,mR,mP
0,-0.19308078985471133,-0.17346984666827808,-2.0802996533956852,-0.193080789854711,1.1515985277442593,0.7410483826852259,0.9129213919357471,1.0157870062726275,1.2088677961273389
