,mean_diff,log_mean_diff,t_difference,mean_d_scores,std_dscores,stdR,stdP,mR,mP
0,0.32627611323136374,0.2122588273165035,3.858733930764803,0.3262761132313638,1.0560939457503788,0.9204294990117268,0.45229100631727687,1.2407065296090496,0.9144304163776859
