,mean_diff,log_mean_diff,t_difference,mean_d_scores,std_dscores,stdR,stdP,mR,mP
0,-0.2869832375631971,-0.22115585457228376,-3.0111702349930023,-0.28698323756319727,1.240779213032153,0.7466032662185941,0.997385457270683,1.0718794671843808,1.3588627047475779
