,mean_diff,log_mean_diff,t_difference,mean_d_scores,std_dscores,stdR,stdP,mR,mP
0,0.24992008989671088,0.09392435111148653,2.2726883590820988,0.2499200898967109,1.71665355002308,1.3963027115168547,0.9254918554992745,1.4527805898419033,1.2028604999451924
