,mean_diff,log_mean_diff,t_difference,mean_d_scores,std_dscores,stdR,stdP,mR,mP
0,-0.14830007014498303,-0.11639035163914448,-1.546178297704137,-0.14830007014498284,1.2825158166230457,0.8282721901866392,0.938029136890712,1.1335975264796823,1.2818975966246653
