,mean_diff,log_mean_diff,t_difference,mean_d_scores,std_dscores,stdR,stdP,mR,mP
0,-0.03601905678802053,0.06015097033094279,-0.3607599260903878,-0.036019056788020254,1.3331249972597075,0.789249623200941,1.1246947976982464,1.2041740512994281,1.2401931080874486
