,mean_diff,log_mean_diff,t_difference,mean_d_scores,std_dscores,stdR,stdP,mR,mP
0,-0.06910876480196837,-0.11626699510570979,-0.7170089544064975,-0.06910876480196827,1.271043687348412,0.9805352652932539,0.8031504384267599,1.2994474829808278,1.3685562477827962
