,mean_diff,log_mean_diff,t_difference,mean_d_scores,std_dscores,stdR,stdP,mR,mP
0,0.1764885569931136,0.13927814396336954,1.8204841499344924,0.17648855699311375,1.299820674366263,0.9640442166332448,0.8404709184670981,1.3280014002812315,1.1515128432881179
