,mean_diff,log_mean_diff,t_difference,mean_d_scores,std_dscores,stdR,stdP,mR,mP
0,-0.10129367755832908,-0.1503604748773891,-0.9503020984051258,-0.10129367755832913,1.52702603160972,1.2206162554439384,0.9608200156602164,1.3027533162725926,1.4040469938309217
