,mean_diff,log_mean_diff,t_difference,mean_d_scores,std_dscores,stdR,stdP,mR,mP
0,-0.12999858563442923,-0.022729699232025148,-1.3481402401826708,-0.1299985856344292,1.3498275762610739,0.7095223605901342,1.0757658589753247,1.1711721858018251,1.3011707714362544
