,mean_diff,log_mean_diff,t_difference,mean_d_scores,std_dscores,stdR,stdP,mR,mP
0,-0.342465103757535,-0.26952750515623,-3.323146274167608,-0.342465103757535,1.4972196669333715,0.9261948569401315,1.112888416687576,1.2300992397084674,1.5725643434660024
