,mean_diff,log_mean_diff,t_difference,mean_d_scores,std_dscores,stdR,stdP,mR,mP
0,-0.1516961524335152,-0.05547847163385293,-1.5537922376083064,-0.15169615243351517,1.3241352285219468,0.8111221702338473,1.0189341904882965,1.1548025157123414,1.3064986681458566
