,mean_diff,log_mean_diff,t_difference,mean_d_scores,std_dscores,stdR,stdP,mR,mP
0,-0.1417215337077833,-0.0888647648512374,-1.5973558231412908,-0.1417215337077833,1.1133270827850832,0.677909518114591,0.8334562358378091,1.1972503011198992,1.3389718348276824
