,mean_diff,log_mean_diff,t_difference,mean_d_scores,std_dscores,stdR,stdP,mR,mP
0,0.056469618268913724,0.023177200401238038,0.5819032966008647,0.05646961826891387,1.3260965463348235,0.9302076605729683,0.8779208635647516,1.248422564561895,1.1919529462929812
