,mean_diff,log_mean_diff,t_difference,mean_d_scores,std_dscores,stdR,stdP,mR,mP
0,-0.08878643998977553,-0.038550848346652705,-1.0399197843424233,-0.08878643998977542,0.9745568051249235,0.6460177440656321,0.7535529263849703,0.9888195365209045,1.07760597651068
