,mean_diff,log_mean_diff,t_difference,mean_d_scores,std_dscores,stdR,stdP,mR,mP
0,-0.33770771662092225,-0.18359850880199002,-3.5777884334382155,-0.33770771662092214,1.3108223890304174,0.552326137024287,1.1582952048999333,0.9582222814203286,1.2959299980412509
