,mean_diff,log_mean_diff,t_difference,mean_d_scores,std_dscores,stdR,stdP,mR,mP
0,0.30180812779762767,0.19339060835861288,3.0574293018978884,0.3018081277976275,1.4056425664989787,1.1252620250606764,0.7456365506419323,1.4146975468701342,1.1128894190725065
