,mean_diff,log_mean_diff,t_difference,mean_d_scores,std_dscores,stdR,stdP,mR,mP
0,0.13601156082038912,0.14136211940123167,1.3979814928460597,0.13601156082038926,1.2924536922289556,0.8473651323314867,0.9700328163021902,1.3399125304221797,1.2039009696017906
