,mean_diff,log_mean_diff,t_difference,mean_d_scores,std_dscores,stdR,stdP,mR,mP
0,-0.247153827230415,-0.11702655607357204,-2.4133192913053696,-0.24715382723041504,1.550223846182925,0.7746984177449693,1.2390552278443747,1.2507750027730076,1.4979288300034226
