,mean_diff,log_mean_diff,t_difference,mean_d_scores,std_dscores,stdR,stdP,mR,mP
0,-0.13518026867796373,-0.1355430518288911,-1.3881137197634605,-0.13518026867796382,1.182544719720849,0.8620966580829076,0.9587683324919049,1.0623487396001543,1.197529008278118
