,mean_diff,log_mean_diff,t_difference,mean_d_scores,std_dscores,stdR,stdP,mR,mP
0,0.1993849028059702,0.1596263887333347,2.097981643925646,0.19938490280597043,1.2509475037369469,0.9755480293164656,0.7585849693844107,1.3245414620007325,1.1251565591947623
