,mean_diff,log_mean_diff,t_difference,mean_d_scores,std_dscores,stdR,stdP,mR,mP
0,-0.3475136450294579,-0.23966516110945607,-3.9729409781881593,-0.347513645029458,1.090861745207148,0.5179343645933712,0.9510620156442791,0.9012710170674941,1.248784662096952
