,mean_diff,log_mean_diff,t_difference,mean_d_scores,std_dscores,stdR,stdP,mR,mP
0,-0.3924057647698861,-0.29653776881343136,-4.62191707766002,-0.39240576476988603,0.9751998861709286,0.4988287995522909,0.8851444235527111,0.8893638829133467,1.2817696476832328
