,mean_diff,log_mean_diff,t_difference,mean_d_scores,std_dscores,stdR,stdP,mR,mP
0,0.06577580514339965,0.026944739458100712,0.7076987962411679,0.06577580514339947,1.1498471082669512,0.9051297573067332,0.7534511459657552,1.1756103285226371,1.1098345233792375
