,mean_diff,log_mean_diff,t_difference,mean_d_scores,std_dscores,stdR,stdP,mR,mP
0,-0.0623180532805776,0.001024254568417645,-0.7193371596216391,-0.062318053280577684,1.0051052744576903,0.6589888936267619,0.782011148896486,1.1402577561579224,1.2025758094385
