,mean_diff,log_mean_diff,t_difference,mean_d_scores,std_dscores,stdR,stdP,mR,mP
0,-0.022656755879826518,-0.054885420040067634,-0.2414109428090975,-0.02265675587982662,1.0919088707349534,0.9350488496469382,0.7561036621107999,1.251403993534809,1.2740607494146354
