,mean_diff,log_mean_diff,t_difference,mean_d_scores,std_dscores,stdR,stdP,mR,mP
0,-0.06963377266199622,0.009584147589796983,-0.6447283038726735,-0.06963377266199626,1.5325386936317302,0.9668412292533113,1.2728472011641274,1.2665946392750183,1.3362284119370145
