,mean_diff,log_mean_diff,t_difference,mean_d_scores,std_dscores,stdR,stdP,mR,mP
0,-0.22617880847237903,-0.09540614657208947,-2.580165709031028,-0.22617880847237914,1.1501701681752357,0.5169861672353783,0.9584140880062797,1.03827875561348,1.264457564085859
