,mean_diff,log_mean_diff,t_difference,mean_d_scores,std_dscores,stdR,stdP,mR,mP
0,-0.17600080585152722,-0.08218820340184708,-1.8949195730961346,-0.17600080585152708,1.146420802501333,0.6583528493266324,0.9979851972405963,1.0535815214377033,1.2295823272892306
