,mean_diff,log_mean_diff,t_difference,mean_d_scores,std_dscores,stdR,stdP,mR,mP
0,-0.08032758900395942,0.008400444765499296,-0.8134682180091318,-0.08032758900395963,1.360065336567179,0.7359836487037182,1.1362045918345935,1.0887786764324485,1.169106265436408
