,mean_diff,log_mean_diff,t_difference,mean_d_scores,std_dscores,stdR,stdP,mR,mP
0,-0.3041437578885804,-0.212386990377248,-3.146066380772648,-0.3041437578885803,1.3530381071258244,0.7475085634583389,1.046908045128684,1.0826941166785653,1.3868378745671457
