,mean_diff,log_mean_diff,t_difference,mean_d_scores,std_dscores,stdR,stdP,mR,mP
0,0.04157610418957258,-0.05919188557978951,0.40784300065101897,0.041576104189572825,1.5027655655624252,1.1347614538398283,0.8605136617666125,1.2659466784958215,1.224370574306249
