,mean_diff,log_mean_diff,t_difference,mean_d_scores,std_dscores,stdR,stdP,mR,mP
0,0.2546231502212324,0.15475754341021503,2.6719046201451624,0.25462315022123255,1.247436751876651,0.9663101698467057,0.7773229140903707,1.3673655773641222,1.1127424271428898
