,mean_diff,log_mean_diff,t_difference,mean_d_scores,std_dscores,stdR,stdP,mR,mP
0,0.06135004128715105,0.07600731773652623,0.5414445558857317,0.061350041287150936,1.6519950950920874,1.1829563205047322,1.2820779682337222,1.4783756147003453,1.4170255734131942
