,mean_diff,log_mean_diff,t_difference,mean_d_scores,std_dscores,stdR,stdP,mR,mP
0,0.05376319028316856,0.053021965310469585,0.6610509573488692,0.05376319028316853,0.8524198097333816,0.6459196381185731,0.6240736184991598,1.0996349505155572,1.0458717602323886
