,mean_diff,log_mean_diff,t_difference,mean_d_scores,std_dscores,stdR,stdP,mR,mP
0,-0.13315501395931206,-0.20659107211273214,-1.429306489595747,-0.13315501395931212,1.0970481940875487,0.9475425241830568,0.7188048692286705,1.0668350755659164,1.1999900895252285
