,mean_diff,log_mean_diff,t_difference,mean_d_scores,std_dscores,stdR,stdP,mR,mP
0,-0.28245526139600474,-0.13925520005232192,-3.2341248439636265,-0.2824552613960048,1.1055097413698842,0.43846245182256005,1.0260295541054005,0.9310634460927494,1.2135187074887541
