,mean_diff,log_mean_diff,t_difference,mean_d_scores,std_dscores,stdR,stdP,mR,mP
0,0.018689974799718234,0.10941488949610802,0.20365231804089393,0.018689974799718113,1.160004554856912,0.6880886085327267,0.9290228142037396,1.0418654959106126,1.0231755211108944
