,mean_diff,log_mean_diff,t_difference,mean_d_scores,std_dscores,stdR,stdP,mR,mP
0,-0.07025759703031254,0.03167713562631749,-0.7580420286460992,-0.07025759703031272,1.1714162660458967,0.685172447037692,0.9641335648600531,1.0061283685768956,1.0763859656072081
