,mean_diff,log_mean_diff,t_difference,mean_d_scores,std_dscores,stdR,stdP,mR,mP
0,-0.2059448551221459,-0.12729015462367776,-2.1416117578197453,-0.20594485512214566,1.2976648071598103,0.7680787367955201,1.007425191645652,1.106959160908267,1.3129040160304128
