,mean_diff,log_mean_diff,t_difference,mean_d_scores,std_dscores,stdR,stdP,mR,mP
0,0.013351319806837347,-0.14488125658466905,0.13452979852091435,0.013351319806837411,1.5097830775667607,1.176519188968486,0.7145727469779354,1.1947099500645302,1.1813586302576928
