,mean_diff,log_mean_diff,t_difference,mean_d_scores,std_dscores,stdR,stdP,mR,mP
0,0.011026059433150381,0.0339139043169924,0.11789638661915494,0.011026059433150485,1.251835431175497,0.8310995154664655,0.8482492428809648,1.2392170167183842,1.2281909572852339
