,mean_diff,log_mean_diff,t_difference,mean_d_scores,std_dscores,stdR,stdP,mR,mP
0,0.1653741575414034,0.0515629868278218,1.8718358713879746,0.1653741575414033,1.1480627583706873,0.9330685603758188,0.5655840925920822,1.2633932876682572,1.0980191301268538
