,mean_diff,log_mean_diff,t_difference,mean_d_scores,std_dscores,stdR,stdP,mR,mP
0,-0.019180866007575403,0.04787843623843076,-0.21685112299286652,-0.01918086600757545,1.0310912537928922,0.6865930750321113,0.8155603784570526,1.118801302433453,1.1379821684410285
