,mean_diff,log_mean_diff,t_difference,mean_d_scores,std_dscores,stdR,stdP,mR,mP
0,0.14666442793372458,0.08056331352648806,1.6069649998989428,0.14666442793372456,1.2040167692505273,0.9314823828816692,0.6678472286632622,1.1820081081717626,1.035343680238038
