,mean_diff,log_mean_diff,t_difference,mean_d_scores,std_dscores,stdR,stdP,mR,mP
0,-0.12572506601148725,-0.09638243266902162,-1.2362069916691385,-0.12572506601148728,1.4689176739363394,0.9632831654645315,1.0226406424026995,1.0689966753207554,1.1947217413322426
