,mean_diff,log_mean_diff,t_difference,mean_d_scores,std_dscores,stdR,stdP,mR,mP
0,-0.16971392407399666,-0.1522448641271737,-1.8926806427397582,-0.16971392407399652,1.095791351214496,0.7590439642771426,0.7847221298274831,1.1122578526345581,1.2819717767085548
