,mean_diff,log_mean_diff,t_difference,mean_d_scores,std_dscores,stdR,stdP,mR,mP
0,-0.18903484247774038,-0.13752458682868343,-2.0826419580049227,-0.1890348424777407,1.1639664066072983,0.6858940274598622,0.8959210865164473,1.051844537104486,1.2408793795822264
