,mean_diff,log_mean_diff,t_difference,mean_d_scores,std_dscores,stdR,stdP,mR,mP
0,-0.2018069481297169,-0.1697683959848429,-2.3008798484540165,-0.2018069481297168,1.0197363647662991,0.7054498511657485,0.7715674320957765,1.0556945479669209,1.2575014960966377
