,mean_diff,log_mean_diff,t_difference,mean_d_scores,std_dscores,stdR,stdP,mR,mP
0,-0.04205382578914296,-0.02614750550846502,-0.4143240729253058,-0.042053825789143,1.4423415427097683,0.962837118783839,1.0151885208002573,1.2835728190162092,1.3256266448053522
