,mean_diff,log_mean_diff,t_difference,mean_d_scores,std_dscores,stdR,stdP,mR,mP
0,-0.015222546816122895,0.12376616481301192,-0.14847898300896334,-0.015222546816122853,1.4199921221772014,0.8127083700310858,1.2054065677546566,1.2575576910887696,1.2727802379048925
