,mean_diff,log_mean_diff,t_difference,mean_d_scores,std_dscores,stdR,stdP,mR,mP
0,-0.061870402311062556,-0.01071534825784129,-0.6754729009913387,-0.061870402311062576,1.1734074741603702,0.7183326104356099,0.8925030963323517,1.0957553947088703,1.1576257970199328
