,mean_diff,log_mean_diff,t_difference,mean_d_scores,std_dscores,stdR,stdP,mR,mP
0,0.10544696880724858,0.1690625156966249,1.0608226438777226,0.10544696880724869,1.4012268373496333,0.8856187872731257,1.0114534385771516,1.318644677638674,1.2131977088314254
