,mean_diff,log_mean_diff,t_difference,mean_d_scores,std_dscores,stdR,stdP,mR,mP
0,-0.1148643387859476,0.009879876872815649,-1.331051158410836,-0.11486433878594766,1.1044575283669031,0.5376457142370371,0.8921769179416057,1.151037690645018,1.2659020294309655
