,mean_diff,log_mean_diff,t_difference,mean_d_scores,std_dscores,stdR,stdP,mR,mP
0,0.131487278484417,0.023389604460874975,1.3065038294955738,0.1314872784844171,1.3618617821188241,1.1734573041584324,0.7712190233764946,1.2869777719543125,1.1554904934698955
