,mean_diff,log_mean_diff,t_difference,mean_d_scores,std_dscores,stdR,stdP,mR,mP
0,-0.0810923394003622,-0.0055340566027091,-0.9195115267374574,-0.08109233940036246,1.040721449419305,0.6176318475547237,0.87566631898304,1.0726641296410167,1.1537564690413789
