,mean_diff,log_mean_diff,t_difference,mean_d_scores,std_dscores,stdR,stdP,mR,mP
0,-0.10485626696046846,-0.0905129624859323,-1.1354271460783134,-0.1048562669604685,1.1838886223303242,0.7623278197856681,0.875135070830764,1.091132244563106,1.1959885115235744
