,mean_diff,log_mean_diff,t_difference,mean_d_scores,std_dscores,stdR,stdP,mR,mP
0,-0.003886286048097043,0.02570002138655547,-0.04735269362962298,-0.0038862860480971726,0.9027722951888403,0.6040952511650103,0.6891514473391402,1.0017844373505749,1.005670723398672
