,mean_diff,log_mean_diff,t_difference,mean_d_scores,std_dscores,stdR,stdP,mR,mP
0,0.19885166069123228,0.1502782387123936,2.0843177199625536,0.19885166069123192,1.312936919150586,0.9749183341774886,0.7726406047426508,1.3043100816645132,1.105458420973281
