,mean_diff,log_mean_diff,t_difference,mean_d_scores,std_dscores,stdR,stdP,mR,mP
0,-0.17693240934841226,-0.24709854064708398,-2.0889533160104516,-0.17693240934841223,0.9916535417079054,0.745335888482076,0.632059240291064,0.8994452929501878,1.0763777022986
