,mean_diff,log_mean_diff,t_difference,mean_d_scores,std_dscores,stdR,stdP,mR,mP
0,-0.02784782560308363,-0.020081580881095264,-0.27059576600967955,-0.027847825603083656,1.406753842007461,0.9610758846794849,1.0724130609367555,1.2291900387160413,1.257037864319125
