,mean_diff,log_mean_diff,t_difference,mean_d_scores,std_dscores,stdR,stdP,mR,mP
0,-0.10154126282488019,0.007747642087793466,-0.9895173005733413,-0.10154126282488003,1.5467381191923761,0.855895097708172,1.1659112962985954,1.1313456223506388,1.232886885175519
