,mean_diff,log_mean_diff,t_difference,mean_d_scores,std_dscores,stdR,stdP,mR,mP
0,0.04063297196837801,0.030419588870391583,0.4215288494266071,0.040632971968378055,1.352450960230962,0.9255375986082254,0.8584991651439798,1.2672258450569964,1.2265928730886184
