,mean_diff,log_mean_diff,t_difference,mean_d_scores,std_dscores,stdR,stdP,mR,mP
0,-0.05015419523456477,0.04758954468329957,-0.5251562211831508,-0.05015419523456466,1.3043349177116983,0.735017039175529,1.016194990045375,1.1260798975945008,1.1762340928290655
