,mean_diff,log_mean_diff,t_difference,mean_d_scores,std_dscores,stdR,stdP,mR,mP
0,-0.1584579375193491,-0.03128471802826874,-1.6125141049686864,-0.15845793751934892,1.4081619351495316,0.7467915239339795,1.1072616355111775,1.2567755097008584,1.4152334472202075
