,mean_diff,log_mean_diff,t_difference,mean_d_scores,std_dscores,stdR,stdP,mR,mP
0,0.10152046887373767,0.08565521199370396,1.0653218767093782,0.10152046887373767,1.259166867589792,0.9467598585959112,0.7968397686963912,1.2250045242546888,1.123484055380951
