,mean_diff,log_mean_diff,t_difference,mean_d_scores,std_dscores,stdR,stdP,mR,mP
0,0.045829113582884995,0.09646055838091415,0.5140407752241173,0.045829113582884995,1.0721213728275856,0.6907222768765787,0.8353988464333755,1.2421776597266319,1.1963485461437469
