,mean_diff,log_mean_diff,t_difference,mean_d_scores,std_dscores,stdR,stdP,mR,mP
0,0.11603716901776284,0.1547556761680471,1.2693880807869482,0.11603716901776297,1.176499429244506,0.6987723543610148,0.9056054528359128,1.129628205064172,1.013591036046409
