,mean_diff,log_mean_diff,t_difference,mean_d_scores,std_dscores,stdR,stdP,mR,mP
0,0.002006213984775851,-0.0670020054321814,0.023043943376623188,0.002006213984775846,1.0823575535619134,0.8124899745025946,0.6427752008322244,1.0683863036483234,1.0663800896635476
