,mean_diff,log_mean_diff,t_difference,mean_d_scores,std_dscores,stdR,stdP,mR,mP
0,0.036402635271762795,0.018725324890451853,0.44136271847060116,0.03640263527176285,0.9387943606517384,0.7131866010771803,0.592910861333915,1.045101395786946,1.0086987605151831
