,mean_diff,log_mean_diff,t_difference,mean_d_scores,std_dscores,stdR,stdP,mR,mP
0,-0.2751255334452255,-0.31825493205604916,-3.2095011333627057,-0.27512553344522545,0.9568090123664658,0.67937824858737,0.7314948643743201,0.8816951136596526,1.156820647104878
