,mean_diff,log_mean_diff,t_difference,mean_d_scores,std_dscores,stdR,stdP,mR,mP
0,-0.12584213442353875,-0.06351968802467271,-1.2607037444686182,-0.12584213442353862,1.4556876593701704,0.907289640427224,1.0057646490465926,1.140517557752495,1.2663596921760338
