,mean_diff,log_mean_diff,t_difference,mean_d_scores,std_dscores,stdR,stdP,mR,mP
0,-0.11198411304224609,0.00889892153593471,-1.0618952779358293,-0.11198411304224597,1.5724824063322609,0.7875220500720876,1.347737528234186,1.2484101339976432,1.3603942470398893
