,mean_diff,log_mean_diff,t_difference,mean_d_scores,std_dscores,stdR,stdP,mR,mP
0,0.007481697910836083,0.07556137683121081,0.07715005887386152,0.007481697910836152,1.222325065837009,0.7367327625456386,1.0688984041486493,1.084685081952851,1.077203384042015
