,mean_diff,log_mean_diff,t_difference,mean_d_scores,std_dscores,stdR,stdP,mR,mP
0,0.28714244519011545,0.26023575560931406,3.1641058686159442,0.2871424451901152,1.1366605729139327,0.892359639564216,0.6888665719833122,1.243462218153762,0.9563197729636466
