,mean_diff,log_mean_diff,t_difference,mean_d_scores,std_dscores,stdR,stdP,mR,mP
0,-0.011754656225581472,0.017388923159640114,-0.12126171022258028,-0.011754656225581403,1.3347165467293363,0.8806999734325961,0.923454482624673,1.2471876752730544,1.2589423314986359
