,mean_diff,log_mean_diff,t_difference,mean_d_scores,std_dscores,stdR,stdP,mR,mP
0,-0.08642333130072011,-0.20559841988592983,-0.8370559778025017,-0.08642333130072034,1.4570554088802996,1.2318973422573334,0.8148028469524801,1.2215656570975628,1.307988988398283
