,mean_diff,log_mean_diff,t_difference,mean_d_scores,std_dscores,stdR,stdP,mR,mP
0,-0.32484965143283895,-0.25509810404185396,-4.128790232869931,-0.324849651432839,0.8755065971266581,0.44895967966450717,0.7395983804525426,0.9179837616472035,1.2428334130800425
