,mean_diff,log_mean_diff,t_difference,mean_d_scores,std_dscores,stdR,stdP,mR,mP
0,0.2257409851295249,0.16420766896742559,2.704864546667678,0.22574098512952498,0.9973120169716435,0.8103381930973574,0.526968498037237,1.1498385384149954,0.9240975532854705
