,mean_diff,log_mean_diff,t_difference,mean_d_scores,std_dscores,stdR,stdP,mR,mP
0,-0.302121391759824,-0.11857968188575665,-3.143050474961941,-0.30212139175982394,1.356905351142448,0.5954979083467363,1.1785341800441693,1.0372910807859368,1.3394124725457608
