,mean_diff,log_mean_diff,t_difference,mean_d_scores,std_dscores,stdR,stdP,mR,mP
0,-0.32706985062948857,-0.08054288022819742,-3.4407815447424,-0.32706985062948846,1.2963076495536148,0.49737549970070466,1.2374989605396338,0.991415645044735,1.3184854956742236
