,mean_diff,log_mean_diff,t_difference,mean_d_scores,std_dscores,stdR,stdP,mR,mP
0,0.08737214995391196,0.0016615610936703204,0.8826389788318554,0.08737214995391189,1.385058553480397,1.0601229036758277,0.8212767866491774,1.2289441812364792,1.1415720312825672
