,mean_diff,log_mean_diff,t_difference,mean_d_scores,std_dscores,stdR,stdP,mR,mP
0,-0.21897623422201673,-0.18160012478050305,-2.2751531858019334,-0.2189762342220166,1.2134421352799305,0.8291441507600072,0.9494379134984118,1.096611544515869,1.3155877787378858
