,mean_diff,log_mean_diff,t_difference,mean_d_scores,std_dscores,stdR,stdP,mR,mP
0,-0.03521630273247922,-0.026904077970087856,-0.38581936753578333,-0.035216302732479304,1.1917313058881278,0.8020326352732491,0.7976016222141754,1.1312367708021727,1.1664530735346519
