,mean_diff,log_mean_diff,t_difference,mean_d_scores,std_dscores,stdR,stdP,mR,mP
0,-0.16459093935123548,-0.15185540749000245,-1.9124197848081712,-0.1645909393512355,0.9734567256787484,0.7355572296616326,0.6865967481283799,1.0959744748382179,1.2605654141894533
