,mean_diff,log_mean_diff,t_difference,mean_d_scores,std_dscores,stdR,stdP,mR,mP
0,0.11092949141874708,-0.00672434803448832,1.1663333450716913,0.1109294914187472,1.2849370312958697,1.0600797629879664,0.6767205478809518,1.209798894451465,1.098869403032718
