,mean_diff,log_mean_diff,t_difference,mean_d_scores,std_dscores,stdR,stdP,mR,mP
0,0.18926107979352103,0.16229391043397828,2.250304640829758,0.18926107979352103,0.9728953496091745,0.7299766822866898,0.6281529474346882,1.2545840658753127,1.0653229860817917
