,mean_diff,log_mean_diff,t_difference,mean_d_scores,std_dscores,stdR,stdP,mR,mP
0,-0.03990624474375881,0.04163975833699195,-0.3991064711736883,-0.03990624474375881,1.4039335095555516,0.8142946466443046,1.105281802661387,1.351063401387875,1.3909696461316339
