,mean_diff,log_mean_diff,t_difference,mean_d_scores,std_dscores,stdR,stdP,mR,mP
0,-0.3520331005869469,-0.23535331197676013,-3.999877564970125,-0.352033100586947,1.1719909547692495,0.5023730649776393,0.9848456243676357,0.8771155201488833,1.2291486207358302
