,mean_diff,log_mean_diff,t_difference,mean_d_scores,std_dscores,stdR,stdP,mR,mP
0,0.13192001766172012,0.0782898220386096,1.5908720988608338,0.13192001766172004,0.9884045700432004,0.7632889868627543,0.5569486217158424,1.0556161137666367,0.9236960961049165
