,mean_diff,log_mean_diff,t_difference,mean_d_scores,std_dscores,stdR,stdP,mR,mP
0,0.05309262056571251,0.13449226806085024,0.5891463021909066,0.05309262056571249,1.1106723958998979,0.6679023666602495,0.8913745161980647,1.1739903611575035,1.120897740591791
