,mean_diff,log_mean_diff,t_difference,mean_d_scores,std_dscores,stdR,stdP,mR,mP
0,-0.3602232599089561,-0.2665096459719324,-3.9088746909395735,-0.36022325990895593,1.2606382736227333,0.676751068458876,0.9538256477284217,1.0638848830128411,1.4241081429217972
