,mean_diff,log_mean_diff,t_difference,mean_d_scores,std_dscores,stdR,stdP,mR,mP
0,0.17186117364804598,0.25627780876991624,1.6144349237185762,0.17186117364804587,1.53903931272762,0.9757600610336912,1.200023483327566,1.2848263836016167,1.1129652099535707
