,mean_diff,log_mean_diff,t_difference,mean_d_scores,std_dscores,stdR,stdP,mR,mP
0,0.1735047216368737,0.09100947898832458,1.751055433631557,0.17350472163687372,1.2731127926056887,1.091115777856017,0.7939392595590422,1.2987898473805708,1.125285125743697
