,mean_diff,log_mean_diff,t_difference,mean_d_scores,std_dscores,stdR,stdP,mR,mP
0,-0.03910330706021781,-0.04303272500396026,-0.4238420424994363,-0.039103307060218,1.1206096767423073,0.8173796271487394,0.8168765590617973,1.0522133832046348,1.0913166902648526
