,mean_diff,log_mean_diff,t_difference,mean_d_scores,std_dscores,stdR,stdP,mR,mP
0,-0.2568400955573559,-0.26913857411856107,-3.1409250368352306,-0.2568400955573559,0.9209829529024032,0.632710975415887,0.6511314749209095,0.9220158553687628,1.1788559509261187
