,mean_diff,log_mean_diff,t_difference,mean_d_scores,std_dscores,stdR,stdP,mR,mP
0,-0.35071167064028996,-0.2734222404313211,-3.8664293583943485,-0.35071167064029013,1.125132284344326,0.6667781008746113,0.9129469509213936,1.0214373684058995,1.3721490390461895
